CODIGO|DESCRICAO|DT_INI|DT_FIM|ORDEM|TIPO|COD_SUP|NIVEL|NATUREZA
1|ATIVO|01012020|31122020|1|S||1|01
1.1|ATIVO CIRCULANTE|01012020|31122020|2|S|1|2|01
1.1.1|FP - ATIVO CIRCULANTE - FUNDO PARTIDÁRIO|01012020|31122020|3|S|1.1|3|01
1.1.1.01|FP - DISPONÍVEL|01012020|31122020|4|S|1.1.1|4|01
1.1.1.01.01|FP - CAIXA|01012020|31122020|5|S|1.1.1.01|5|01
1.1.1.01.01.01|FP - Fundo de caixa|01012020|31122020|6|A|1.1.1.01.01|6|01
1.1.1.01.02|FP - BANCOS CONTA MOVIMENTO|01012020|31122020|7|S|1.1.1.01|5|01
1.1.1.01.02.01|FP - Bancos ........ conta do FUNDO PARTIDÁRIO|01012020|31122020|8|A|1.1.1.01.02|6|01
1.1.1.01.02.02|FP - Bancos ........ conta especial - Fundação partidária|01012020|31122020|9|A|1.1.1.01.02|6|01
1.1.1.01.02.03|FP - Bancos ........ conta especial - Mulher|01012020|31122020|10|A|1.1.1.01.02|6|01
1.1.1.01.02.99|FP - (-) Recursos de origem vedada ou não identificada - conta retificadora|01012020|31122020|11|A|1.1.1.01.02|6|01
1.1.1.01.03|FP - APLICAÇÕES FINANCEIRAS|01012020|31122020|12|S|1.1.1.01|5|01
1.1.1.01.03.01|FP - Bancos ........ aplicação financeira de FUNDO PARTIDÁRIO|01012020|31122020|13|A|1.1.1.01.03|6|01
1.1.1.01.03.02|FP - Outras aplicações financeiras|01012020|31122020|14|A|1.1.1.01.03|6|01
1.1.1.01.03.99|FP - (-) Provisão para perdas em aplicações financeiras|01012020|31122020|15|A|1.1.1.01.03|6|01
1.1.1.02|FP - DIREITOS REALIZÁVEIS EM CURTO PRAZO|01012020|31122020|16|S|1.1.1|4|01
1.1.1.02.01|FP - TRANSFERÊNCIAS DO FUNDO PARTIDÁRIO A RECEBER|01012020|31122020|17|S|1.1.1.02|5|01
1.1.1.02.01.01|FP - Transferências a receber da Direção Nacional|01012020|31122020|18|A|1.1.1.02.01|6|01
1.1.1.02.01.02|FP - Transferências a receber da Direção Estadual|01012020|31122020|19|A|1.1.1.02.01|6|01
1.1.1.02.01.03|FP - Transferências a receber da Direção Municipal|01012020|31122020|20|A|1.1.1.02.01|6|01
1.1.1.02.02|FP - SOBRAS FINANCEIRAS DE CAMPANHAS A RECEBER|01012020|31122020|21|S|1.1.1.02|5|01
1.1.1.02.02.01|FP - Sobras de candidatos a receber|01012020|31122020|22|A|1.1.1.02.02|6|01
1.1.1.02.02.02|FP - Sobras de comitês financeiros a receber|01012020|31122020|23|A|1.1.1.02.02|6|01
1.1.1.02.02.03|FP - Sobras de diretórios partidários a receber|01012020|31122020|24|A|1.1.1.02.02|6|01
1.1.1.02.03|FP - SOBRAS DE BENS ESTIMÁVEIS EM DINHEIRO A RECEBER|01012020|31122020|25|S|1.1.1.02|5|01
1.1.1.02.03.01|FP - Sobras de candidatos a receber - estimáveis|01012020|31122020|26|A|1.1.1.02.03|6|01
1.1.1.02.03.02|FP - Sobras de comitês financeiros a receber - estimáveis|01012020|31122020|27|A|1.1.1.02.03|6|01
1.1.1.02.03.03|FP - Sobras de diretórios partidários a receber - estimáveis|01012020|31122020|28|A|1.1.1.02.03|6|01
1.1.1.02.04|FP - CREDITOS A RECEBER|01012020|31122020|29|S|1.1.1.02|5|01
1.1.1.02.04.01|FP - Títulos a receber|01012020|31122020|30|A|1.1.1.02.04|6|01
1.1.1.02.04.02|FP - Aluguéis a receber|01012020|31122020|31|A|1.1.1.02.04|6|01
1.1.1.02.04.03|FP - Outros créditos a receber|01012020|31122020|32|A|1.1.1.02.04|6|01
1.1.1.02.04.99|FP - (-) Provisão para perdas em créditos a receber|01012020|31122020|33|A|1.1.1.02.04|6|01
1.1.1.02.05|FP - DEPÓSITOS RESTITUÍVEIS E VALORES VINCULADOS|01012020|31122020|34|S|1.1.1.02|5|01
1.1.1.02.05.01|FP - Depósitos ou bloqueios judiciais|01012020|31122020|35|A|1.1.1.02.05|6|01
1.1.1.02.05.02|FP - Depósitos ou bloqueios extrajudiciais|01012020|31122020|36|A|1.1.1.02.05|6|01
1.1.1.03|FP - ADIANTAMENTOS|01012020|31122020|37|S|1.1.1|4|01
1.1.1.03.01|FP - ADIANTAMENTOS A EMPREGADOS|01012020|31122020|38|S|1.1.1.03|5|01
1.1.1.03.01.01|FP - Adiantamentos de salários|01012020|31122020|39|A|1.1.1.03.01|6|01
1.1.1.03.01.02|FP - Adiantamentos de 13º salário|01012020|31122020|40|A|1.1.1.03.01|6|01
1.1.1.03.01.03|FP - Adiantamentos de férias|01012020|31122020|41|A|1.1.1.03.01|6|01
1.1.1.03.01.04|FP - Outros adiantamentos a empregados|01012020|31122020|42|A|1.1.1.03.01|6|01
1.1.1.03.02|FP - ADIANTAMENTOS DIVERSOS|01012020|31122020|43|S|1.1.1.03|5|01
1.1.1.03.02.01|FP - Adiantamentos para viagens|01012020|31122020|44|A|1.1.1.03.02|6|01
1.1.1.03.02.02|FP - Adiantamentos a fornecedores|01012020|31122020|45|A|1.1.1.03.02|6|01
1.1.1.03.02.03|FP - Outros adiantamentos diversos|01012020|31122020|46|A|1.1.1.03.02|6|01
1.1.1.04|FP - ESTOQUES|01012020|31122020|47|S|1.1.1|4|01
1.1.1.04.01|FP - ESTOQUE DE MATERIAIS PARA CONSUMO|01012020|31122020|48|S|1.1.1.04|5|01
1.1.1.04.01.01|FP - Estoque de materiais de expediente|01012020|31122020|49|A|1.1.1.04.01|6|01
1.1.1.04.01.02|FP - Estoque de materiais impressos|01012020|31122020|50|A|1.1.1.04.01|6|01
1.1.1.04.01.03|FP - Estoque de materiais de informática|01012020|31122020|51|A|1.1.1.04.01|6|01
1.1.1.04.01.04|FP - Estoque de materiais de copa e cozinha|01012020|31122020|52|A|1.1.1.04.01|6|01
1.1.1.04.01.05|FP - Estoque de materiais de limpeza|01012020|31122020|53|A|1.1.1.04.01|6|01
1.1.1.04.01.06|FP - Estoque de outros materiais para consumo|01012020|31122020|54|A|1.1.1.04.01|6|01
1.1.1.04.02|FP - ESTOQUE DE MATERIAIS PARA COMERCIALIZAÇÃO/DISTRIBUIÇÃO|01012020|31122020|55|S|1.1.1.04|5|01
1.1.1.04.02.01|FP - Estoque de materiais de divulgação destinados à comercialização|01012020|31122020|56|A|1.1.1.04.02|6|01
1.1.1.04.02.02|FP - Estoque de outros materiais para distribuição|01012020|31122020|57|A|1.1.1.04.02|6|01
1.1.1.05|FP - DESPESAS ANTECIPADAS|01012020|31122020|58|S|1.1.1|4|01
1.1.1.05.01|FP - DESPESAS DIVERSAS PAGAS ANTECIPADAMENTE|01012020|31122020|59|S|1.1.1.05|5|01
1.1.1.05.01.01|FP - Prêmios de seguro a apropriar|01012020|31122020|60|A|1.1.1.05.01|6|01
1.1.1.05.01.02|FP - Aluguéis pagos antecipadamente a apropriar|01012020|31122020|61|A|1.1.1.05.01|6|01
1.1.1.05.01.03|FP - Assinaturas e anuidades a apropriar|01012020|31122020|62|A|1.1.1.05.01|6|01
1.1.1.05.01.04|FP - Outras despesas pagas antecipadamente a apropriar|01012020|31122020|63|A|1.1.1.05.01|6|01
1.1.2|OR - ATIVO CIRCULANTE - OUTROS RECURSOS|01012020|31122020|64|S|1.1|3|01
1.1.2.01|OR - DISPONÍVEL|01012020|31122020|65|S|1.1.2|4|01
1.1.2.01.01|OR - CAIXA|01012020|31122020|66|S|1.1.2.01|5|01
1.1.2.01.01.01|OR - Fundo de caixa|01012020|31122020|67|A|1.1.2.01.01|6|01
1.1.2.01.02|OR - BANCOS CONTA MOVIMENTO|01012020|31122020|68|S|1.1.2.01|5|01
1.1.2.01.02.01|OR - Bancos ....... conta de OUTROS RECURSOS|01012020|31122020|69|A|1.1.2.01.02|6|01
1.1.2.01.02.02|OR - Bancos ....... conta de DOAÇÕES PARA CAMPANHA|01012020|31122020|70|A|1.1.2.01.02|6|01
1.1.2.01.02.03|OR - Bancos ....... Outras contas|01012020|31122020|71|A|1.1.2.01.02|6|01
1.1.2.01.02.99|OR - (-) Recursos de origem vedada ou não identificada - conta retificadora|01012020|31122020|72|A|1.1.2.01.02|6|01
1.1.2.01.03|OR - APLICAÇÕES FINANCEIRAS|01012020|31122020|73|S|1.1.2.01|5|01
1.1.2.01.03.01|OR - Bancos ........ aplicação financeira de OUTROS RECURSOS|01012020|31122020|74|A|1.1.2.01.03|6|01
1.1.2.01.03.02|OR - Outras aplicações financeiras|01012020|31122020|75|A|1.1.2.01.03|6|01
1.1.2.01.03.99|OR - (-) Provisão para perdas em aplicações financeiras|01012020|31122020|76|A|1.1.2.01.03|6|01
1.1.2.02|OR - DIREITOS REALIZÁVEIS EM CURTO PRAZO|01012020|31122020|77|S|1.1.2|4|01
1.1.2.02.01|OR - TRANSFERÊNCIAS DE DOAÇÕES E CONTRIBUIÇÕES A RECEBER|01012020|31122020|78|S|1.1.2.02|5|01
1.1.2.02.01.01|OR - Transferências a receber da Direção Nacional|01012020|31122020|79|A|1.1.2.02.01|6|01
1.1.2.02.01.02|OR - Transferências a receber da Direção Estadual|01012020|31122020|80|A|1.1.2.02.01|6|01
1.1.2.02.01.03|OR - Transferências a receber da Direção Municipal|01012020|31122020|81|A|1.1.2.02.01|6|01
1.1.2.02.02|OR - SOBRAS FINANCEIRAS DE CAMPANHAS A RECEBER|01012020|31122020|82|S|1.1.2.02|5|01
1.1.2.02.02.01|OR - Sobras de candidatos a receber|01012020|31122020|83|A|1.1.2.02.02|6|01
1.1.2.02.02.02|OR - Sobras de comitês financeiros a receber|01012020|31122020|84|A|1.1.2.02.02|6|01
1.1.2.02.02.03|OR - Sobras de diretórios partidários a receber|01012020|31122020|85|A|1.1.2.02.02|6|01
1.1.2.02.03|OR - SOBRAS DE BENS ESTIMÁVEIS EM DINHEIRO A RECEBER|01012020|31122020|86|S|1.1.2.02|5|01
1.1.2.02.03.01|OR - Sobras de candidatos a receber - estimáveis|01012020|31122020|87|A|1.1.2.02.03|6|01
1.1.2.02.03.02|OR - Sobras de comitês financeiros a receber - estimáveis|01012020|31122020|88|A|1.1.2.02.03|6|01
1.1.2.02.03.03|OR - Sobras de diretórios partidários a receber - estimáveis|01012020|31122020|89|A|1.1.2.02.03|6|01
1.1.2.02.04|OR - CREDITOS A RECEBER|01012020|31122020|90|S|1.1.2.02|5|01
1.1.2.02.04.01|OR - Títulos a receber|01012020|31122020|91|A|1.1.2.02.04|6|01
1.1.2.02.04.02|OR - Aluguéis a receber|01012020|31122020|92|A|1.1.2.02.04|6|01
1.1.2.02.04.03|OR - Outros créditos a receber|01012020|31122020|93|A|1.1.2.02.04|6|01
1.1.2.02.04.99|OR - (-) Provisão para perdas em créditos a receber|01012020|31122020|94|A|1.1.2.02.04|6|01
1.1.2.02.05|OR - DEPÓSITOS RESTITUÍVEIS E VALORES VINCULADOS|01012020|31122020|95|S|1.1.2.02|5|01
1.1.2.02.05.01|OR - Depósitos ou bloqueios judiciais|01012020|31122020|96|A|1.1.2.02.05|6|01
1.1.2.02.05.02|OR - Depósitos ou bloqueios extrajudiciais|01012020|31122020|97|A|1.1.2.02.05|6|01
1.1.2.03|OR - ADIANTAMENTOS|01012020|31122020|98|S|1.1.2|4|01
1.1.2.03.01|OR - ADIANTAMENTOS A EMPREGADOS|01012020|31122020|99|S|1.1.2.03|5|01
1.1.2.03.01.01|OR - Adiantamentos de salários|01012020|31122020|100|A|1.1.2.03.01|6|01
1.1.2.03.01.02|OR - Adiantamentos de 13º salário|01012020|31122020|101|A|1.1.2.03.01|6|01
1.1.2.03.01.03|OR - Adiantamentos de férias|01012020|31122020|102|A|1.1.2.03.01|6|01
1.1.2.03.01.04|OR - Outros adiantamentos a empregados|01012020|31122020|103|A|1.1.2.03.01|6|01
1.1.2.03.02|OR - ADIANTAMENTOS DIVERSOS|01012020|31122020|104|S|1.1.2.03|5|01
1.1.2.03.02.01|OR - Adiantamentos para viagens|01012020|31122020|105|A|1.1.2.03.02|6|01
1.1.2.03.02.02|OR - Adiantamentos a fornecedores|01012020|31122020|106|A|1.1.2.03.02|6|01
1.1.2.03.02.03|OR - Outros adiantamentos diversos|01012020|31122020|107|A|1.1.2.03.02|6|01
1.1.2.04|OR - ESTOQUES|01012020|31122020|108|S|1.1.2|4|01
1.1.2.04.01|OR - ESTOQUE DE MATERIAIS PARA CONSUMO|01012020|31122020|109|S|1.1.2.04|5|01
1.1.2.04.01.01|OR - Estoque de materiais de expediente|01012020|31122020|110|A|1.1.2.04.01|6|01
1.1.2.04.01.02|OR - Estoque de materiais impressos|01012020|31122020|111|A|1.1.2.04.01|6|01
1.1.2.04.01.03|OR - Estoque de materiais de informática|01012020|31122020|112|A|1.1.2.04.01|6|01
1.1.2.04.01.04|OR - Estoque de materiais de copa e cozinha|01012020|31122020|113|A|1.1.2.04.01|6|01
1.1.2.04.01.05|OR - Estqoue de materiais de limpeza|01012020|31122020|114|A|1.1.2.04.01|6|01
1.1.2.04.01.06|OR - Estoque de outros materiais para consumo|01012020|31122020|115|A|1.1.2.04.01|6|01
1.1.2.04.02|OR - ESTOQUE DE MATERIAIS PARA COMERCIALIZAÇÃO/DISTRIBUIÇÃO|01012020|31122020|116|S|1.1.2.04|5|01
1.1.2.04.02.01|OR - Estoque de materiais de divulgação destinados à comercialização|01012020|31122020|117|A|1.1.2.04.02|6|01
1.1.2.04.02.02|OR - Estoque de outros materiais para distribuição|01012020|31122020|118|A|1.1.2.04.02|6|01
1.1.2.05|OR - DESPESAS ANTECIPADAS|01012020|31122020|119|S|1.1.2|4|01
1.1.2.05.01|OR - DESPESAS DIVERSAS PAGAS ANTECIPADAMENTE|01012020|31122020|120|S|1.1.2.05|5|01
1.1.2.05.01.01|OR - Prêmios de seguro a apropriar|01012020|31122020|121|A|1.1.2.05.01|6|01
1.1.2.05.01.02|OR - Aluguéis pagos antecipadamente a apropriar|01012020|31122020|122|A|1.1.2.05.01|6|01
1.1.2.05.01.03|OR - Assinaturas e anuidades a apropriar|01012020|31122020|123|A|1.1.2.05.01|6|01
1.1.2.05.01.04|OR - Outras despesas pagas antecipadamente a apropriar|01012020|31122020|124|A|1.1.2.05.01|6|01
1.1.3|FEFC - ATIVO CIRCULANTE - FUNDO ESPECIAL PARA FINANCIAMENTO DE CAMPANHA|01012020|31122020|125|S|1.1|3|01
1.1.3.01|FEFC - DISPONÍVEL|01012020|31122020|126|S|1.1.3|4|01
1.1.3.01.01|FEFC - CAIXA|01012020|31122020|127|S|1.1.3.01|5|01
1.1.3.01.01.01|FEFC - Fundo de caixa|01012020|31122020|128|A|1.1.3.01.01|6|01
1.1.3.01.02|FEFC - BANCOS CONTA MOVIMENTO|01012020|31122020|129|S|1.1.3.01|5|01
1.1.3.01.02.01|FEFC - Bancos ........ conta do FUNDO ESPECIAL PARA FINANCIAMENTO DE CAMPANHA|01012020|31122020|130|A|1.1.3.01.02|6|01
1.1.3.01.02.02|FEFC - Bancos ........ conta especial - Mulher|01012020|31122020|131|A|1.1.3.01.02|6|01
1.1.3.01.02.03|FEFC - Bancos ........ Outras contas|01012020|31122020|132|A|1.1.3.01.02|6|01
1.1.3.01.02.99|FEFC - (-) Recursos de origem vedada ou não identificada - conta retificadora|01012020|31122020|133|A|1.1.3.01.02|6|01
1.1.3.01.03|FEFC - APLICAÇÕES FINANCEIRAS|01012020|31122020|134|S|1.1.3.01|5|01
1.1.3.01.03.01|FEFC - Bancos ........ aplicação financeira de FUNDO ESPECIAL PARA FINANCIAMENTO DE CAMPANHA|01012020|31122020|135|A|1.1.3.01.03|6|01
1.1.3.01.03.02|FEFC - Outras aplicações financeiras|01012020|31122020|136|A|1.1.3.01.03|6|01
1.1.3.01.03.99|FEFC - (-) Provisão para perdas em aplicações financeiras|01012020|31122020|137|A|1.1.3.01.03|6|01
1.1.3.02|FEFC - DIREITOS REALIZÁVEIS EM CURTO PRAZO|01012020|31122020|138|S|1.1.3|4|01
1.1.3.02.01|FEFC - TRANSFERÊNCIAS DO FUNDO ESPECIAL PARA FINANCIAMENTO DE CAMPANHA A RECEBER|01012020|31122020|139|S|1.1.3.02|5|01
1.1.3.02.01.01|FEFC - Transferências a receber da Direção Nacional|01012020|31122020|140|A|1.1.3.02.01|6|01
1.1.3.02.01.02|FEFC - Transferências a receber da Direção Estadual|01012020|31122020|141|A|1.1.3.02.01|6|01
1.1.3.02.01.03|FEFC - Transferências a receber da Direção Municipal|01012020|31122020|142|A|1.1.3.02.01|6|01
1.1.3.02.02|FEFC - SOBRAS DE BENS ESTIMÁVEIS EM DINHEIRO A RECEBER|01012020|31122020|143|S|1.1.3.02|5|01
1.1.3.02.02.01|FEFC - Sobras de candidatos a receber - estimáveis|01012020|31122020|144|A|1.1.3.02.02|6|01
1.1.3.02.02.02|FEFC - Sobras de comitês financeiros a receber - estimáveis|01012020|31122020|145|A|1.1.3.02.02|6|01
1.1.3.02.02.03|FEFC - Sobras de diretórios partidários a receber - estimáveis|01012020|31122020|146|A|1.1.3.02.02|6|01
1.1.3.02.04|FEFC - CREDITOS A RECEBER|01012020|31122020|147|S|1.1.3.02|5|01
1.1.3.02.04.01|FEFC - Títulos a receber|01012020|31122020|148|A|1.1.3.02.04|6|01
1.1.3.02.04.02|FEFC - Aluguéis a receber|01012020|31122020|149|A|1.1.3.02.04|6|01
1.1.3.02.04.03|FEFC - Outros créditos a receber|01012020|31122020|150|A|1.1.3.02.04|6|01
1.1.3.02.04.99|FEFC - (-) Provisão para perdas em créditos a receber|01012020|31122020|151|A|1.1.3.02.04|6|01
1.1.3.02.05|FEFC - DEPÓSITOS RESTITUÍVEIS E VALORES VINCULADOS|01012020|31122020|152|S|1.1.3.02|5|01
1.1.3.02.05.01|FEFC - Depósitos ou bloqueios judiciais|01012020|31122020|153|A|1.1.3.02.05|6|01
1.1.3.02.05.02|FEFC - Depósitos ou bloqueios extrajudiciais|01012020|31122020|154|A|1.1.3.02.05|6|01
1.1.3.03|FEFC - ADIANTAMENTOS|01012020|31122020|155|S|1.1.3|4|01
1.1.3.03.01|FEFC - ADIANTAMENTOS A EMPREGADOS|01012020|31122020|156|S|1.1.3.03|5|01
1.1.3.03.01.01|FEFC - Adiantamentos de salários|01012020|31122020|157|A|1.1.3.03.01|6|01
1.1.3.03.01.02|FEFC - Adiantamentos de 13º salário|01012020|31122020|158|A|1.1.3.03.01|6|01
1.1.3.03.01.03|FEFC - Adiantamentos de férias|01012020|31122020|159|A|1.1.3.03.01|6|01
1.1.3.03.01.04|FEFC - Outros adiantamentos a empregados|01012020|31122020|160|A|1.1.3.03.01|6|01
1.1.3.03.02|FEFC - ADIANTAMENTOS DIVERSOS|01012020|31122020|161|S|1.1.3.03|5|01
1.1.3.03.02.01|FEFC - Adiantamentos para viagens|01012020|31122020|162|A|1.1.3.03.02|6|01
1.1.3.03.02.02|FEFC - Adiantamentos a fornecedores|01012020|31122020|163|A|1.1.3.03.02|6|01
1.1.3.03.02.03|FEFC - Outros adiantamentos diversos|01012020|31122020|164|A|1.1.3.03.02|6|01
1.1.3.04|FEFC - ESTOQUES|01012020|31122020|165|S|1.1.3|4|01
1.1.3.04.01|FEFC - ESTOQUE DE MATERIAIS PARA CONSUMO|01012020|31122020|166|S|1.1.3.04|5|01
1.1.3.04.01.01|FEFC - Estoque de materiais de expediente|01012020|31122020|167|A|1.1.3.04.01|6|01
1.1.3.04.01.02|FEFC - Estoque de materiais impressos|01012020|31122020|168|A|1.1.3.04.01|6|01
1.1.3.04.01.03|FEFC - Estoque de materiais de informática|01012020|31122020|169|A|1.1.3.04.01|6|01
1.1.3.04.01.04|FEFC - Estoque de materiais de copa e cozinha|01012020|31122020|170|A|1.1.3.04.01|6|01
1.1.3.04.01.05|FEFC - Estoque de materiais de limpeza|01012020|31122020|171|A|1.1.3.04.01|6|01
1.1.3.04.01.06|FEFC - Estoque de outros materiais para consumo|01012020|31122020|172|A|1.1.3.04.01|6|01
1.1.3.04.02|FEFC - ESTOQUE DE MATERIAIS PARA COMERCIALIZAÇÃO/DISTRIBUIÇÃO|01012020|31122020|173|S|1.1.3.04|5|01
1.1.3.04.02.01|FEFC - Estoque de materiais de divulgação destinados à comercialização|01012020|31122020|174|A|1.1.3.04.02|6|01
1.1.3.04.02.02|FEFC - Estoque de outros materiais para distribuição|01012020|31122020|175|A|1.1.3.04.02|6|01
1.1.3.05|FEFC - DESPESAS ANTECIPADAS|01012020|31122020|176|S|1.1.3|4|01
1.1.3.05.01|FEFC - DESPESAS DIVERSAS PAGAS ANTECIPADAMENTE|01012020|31122020|177|S|1.1.3.05|5|01
1.1.3.05.01.01|FEFC - Prêmios de seguro a apropriar|01012020|31122020|178|A|1.1.3.05.01|6|01
1.1.3.05.01.02|FEFC - Aluguéis pagos antecipadamente a apropriar|01012020|31122020|179|A|1.1.3.05.01|6|01
1.1.3.05.01.03|FEFC - Outras despesas pagas antecipadamente a apropriar|01012020|31122020|180|A|1.1.3.05.01|6|01
1.2|ATIVO NÃO CIRCULANTE|01012020|31122020|181|S|1|2|01
1.2.1|FP - ATIVO NÃO CIRCULANTE - FUNDO PARTIDÁRIO|01012020|31122020|182|S|1.2|3|01
1.2.1.01|FP - DIREITOS REALIZÁVEIS APÓS O EXERCÍCIO SEGUINTE|01012020|31122020|183|S|1.2.1|4|01
1.2.1.01.01|FP - RECURSOS DO FUNDO PARTIDÁRIO A RECEBER - LP|01012020|31122020|184|S|1.2.1.01|5|01
1.2.1.01.01.01|FP - Direção Nacional - LP|01012020|31122020|185|A|1.2.1.01.01|6|01
1.2.1.01.01.02|FP - Direção Estadual - LP|01012020|31122020|186|A|1.2.1.01.01|6|01
1.2.1.01.01.03|FP - Direção Municipal - LP|01012020|31122020|187|A|1.2.1.01.01|6|01
1.2.1.01.02|FP - CREDITOS A RECEBER EM LONGO PRAZO|01012020|31122020|188|S|1.2.1.01|5|01
1.2.1.01.02.01|FP - Títulos a receber em longo prazo|01012020|31122020|189|A|1.2.1.01.02|6|01
1.2.1.01.02.02|FP - Outros direitos realizáveis após o exercício seguinte|01012020|31122020|190|A|1.2.1.01.02|6|01
1.2.1.01.02.99|FP - (-) Provisão para perdas em créditos a receber - LP|01012020|31122020|191|A|1.2.1.01.02|6|01
1.2.1.01.03|FP - DEPÓSITOS RESTITUÍVEIS E VALORES VINCULADOS - LP|01012020|31122020|192|S|1.2.1.01|5|01
1.2.1.01.03.01|FP - Depósitos ou bloqueios judiciais - LP|01012020|31122020|193|A|1.2.1.01.03|6|01
1.2.1.01.03.02|FP - Depósitos ou bloqueios extrajudiciais - LP|01012020|31122020|194|A|1.2.1.01.03|6|01
1.2.1.02|FP - DESPESAS ANTECIPADAS - LP|01012020|31122020|195|S|1.2.1|4|01
1.2.1.02.01|FP - DESPESAS DIVERSAS PAGAS ANTECIPAMENTE - LP|01012020|31122020|196|S|1.2.1.02|5|01
1.2.1.02.01.01|FP - Prêmios de seguro a apropriar - LP|01012020|31122020|197|A|1.2.1.02.01|6|01
1.2.1.02.01.02|FP - Aluguéis pagos antecipadamente a apropriar - LP|01012020|31122020|198|A|1.2.1.02.01|6|01
1.2.1.02.01.03|FP - Assinaturas e anuidades a apropriar - LP|01012020|31122020|199|A|1.2.1.02.01|6|01
1.2.1.02.01.04|FP - Outras despesas pagas antecipadamente a apropriar - LP|01012020|31122020|200|A|1.2.1.02.01|6|01
1.2.1.03|FP - INVESTIMENTOS|01012020|31122020|201|S|1.2.1|4|01
1.2.1.03.01|FP - INVESTIMENTOS DIVERSOS|01012020|31122020|202|S|1.2.1.03|5|01
1.2.1.03.01.01|FP - Investimentos permanentes diversos|01012020|31122020|203|A|1.2.1.03.01|6|01
1.2.1.03.01.99|FP - (-) Provisão para perdas em investimentos permanentes|01012020|31122020|204|A|1.2.1.03.01|6|01
1.2.1.04|FP - IMOBILIZADO|01012020|31122020|205|S|1.2.1|4|01
1.2.1.04.01|FP - BENS MÓVEIS|01012020|31122020|206|S|1.2.1.04|5|01
1.2.1.04.01.01|FP - Equipamentos de informática|01012020|31122020|207|A|1.2.1.04.01|6|01
1.2.1.04.01.02|FP - (-) Depreciação acumulada - equipamentos de informática|01012020|31122020|208|A|1.2.1.04.01|6|01
1.2.1.04.01.03|FP - Equipamentos audiovisuais|01012020|31122020|209|A|1.2.1.04.01|6|01
1.2.1.04.01.04|FP - (-) Depreciação acumulada - equipamentos audiovisuais|01012020|31122020|210|A|1.2.1.04.01|6|01
1.2.1.04.01.05|FP - Equipamentos de sonorização|01012020|31122020|211|A|1.2.1.04.01|6|01
1.2.1.04.01.06|FP - (-) Depreciação acumulada - equipamentos de sonorização|01012020|31122020|212|A|1.2.1.04.01|6|01
1.2.1.04.01.07|FP - Outras máquinas e equipamentos|01012020|31122020|213|A|1.2.1.04.01|6|01
1.2.1.04.01.08|FP - (-) Depreciação Acumulada - outras máquinas e equipamentos|01012020|31122020|214|A|1.2.1.04.01|6|01
1.2.1.04.01.09|FP - Móveis e utensílios|01012020|31122020|215|A|1.2.1.04.01|6|01
1.2.1.04.01.10|FP - (-) Depreciação acumulada - móveis e utensílios|01012020|31122020|216|A|1.2.1.04.01|6|01
1.2.1.04.01.11|FP - Veículos|01012020|31122020|217|A|1.2.1.04.01|6|01
1.2.1.04.01.12|FP - (-) Depreciação acumulada - veículos|01012020|31122020|218|A|1.2.1.04.01|6|01
1.2.1.04.02|FP - BENS MÓVEIS - ARRENDAMENTO MERCANTIL|01012020|31122020|219|S|1.2.1.04|5|01
1.2.1.04.02.01|FP - Equipamentos de informática - AM|01012020|31122020|220|A|1.2.1.04.02|6|01
1.2.1.04.02.02|FP - (-) Depreciação acumulada - equipamentos de informática - AM|01012020|31122020|221|A|1.2.1.04.02|6|01
1.2.1.04.02.03|FP - Equipamentos audiovisuais - AM|01012020|31122020|222|A|1.2.1.04.02|6|01
1.2.1.04.02.04|FP - (-) Depreciação acumulada - equipamentos audiovisuais - AM|01012020|31122020|223|A|1.2.1.04.02|6|01
1.2.1.04.02.05|FP - Equipamentos de sonorização - AM|01012020|31122020|224|A|1.2.1.04.02|6|01
1.2.1.04.02.06|FP - (-) Depreciação acumulada - equipamentos de sonorização - AM|01012020|31122020|225|A|1.2.1.04.02|6|01
1.2.1.04.02.07|FP - Outras máquinas e equipamentos - AM|01012020|31122020|226|A|1.2.1.04.02|6|01
1.2.1.04.02.08|FP - (-) Depreciação Acumulada - outras máquinas e equipamentos - AM|01012020|31122020|227|A|1.2.1.04.02|6|01
1.2.1.04.02.09|FP - Móveis e utensílios - AM|01012020|31122020|228|A|1.2.1.04.02|6|01
1.2.1.04.02.10|FP - (-) Depreciação acumulada - móveis e utensílios - AM|01012020|31122020|229|A|1.2.1.04.02|6|01
1.2.1.04.02.11|FP - Veículos - AM|01012020|31122020|230|A|1.2.1.04.02|6|01
1.2.1.04.02.12|FP - (-) Depreciação acumulada - veículos - AM|01012020|31122020|231|A|1.2.1.04.02|6|01
1.2.1.04.03|FP - BENS IMÓVEIS|01012020|31122020|232|S|1.2.1.04|5|01
1.2.1.04.03.01|FP - Terrenos|01012020|31122020|233|A|1.2.1.04.03|6|01
1.2.1.04.03.02|FP - Edificações|01012020|31122020|234|A|1.2.1.04.03|6|01
1.2.1.04.03.03|FP - (-) Depreciação acumulada - edificações|01012020|31122020|235|A|1.2.1.04.03|6|01
1.2.1.04.03.04|FP - Instalações|01012020|31122020|236|A|1.2.1.04.03|6|01
1.2.1.04.03.05|FP - (-) Depreciação acumulada - instalações|01012020|31122020|237|A|1.2.1.04.03|6|01
1.2.1.04.03.06|FP - Outros bens imóveis|01012020|31122020|238|A|1.2.1.04.03|6|01
1.2.1.04.03.07|FP - (-) Depreciação acumulada - outros bens imóveis|01012020|31122020|239|A|1.2.1.04.03|6|01
1.2.1.05|FP - INTANGÍVEL|01012020|31122020|240|S|1.2.1|4|01
1.2.1.05.01|FP - BENS INCORPÓREOS|01012020|31122020|241|S|1.2.1.05|5|01
1.2.1.05.01.01|FP - Direito de uso|01012020|31122020|242|A|1.2.1.05.01|6|01
1.2.1.05.01.02|FP - (-) Amortização acumulada - direito de uso|01012020|31122020|243|A|1.2.1.05.01|6|01
1.2.1.05.01.03|FP - Marcas e patentes|01012020|31122020|244|A|1.2.1.05.01|6|01
1.2.1.05.01.04|FP - (-) Amortização acumulada - marcas e patentes|01012020|31122020|245|A|1.2.1.05.01|6|01
1.2.1.05.01.05|FP - Outros bens incorpóreos|01012020|31122020|246|A|1.2.1.05.01|6|01
1.2.1.05.01.06|FP - (-) Amortização acumulada - outros bens incorpóreos|01012020|31122020|247|A|1.2.1.05.01|6|01
1.2.1.05.02|FP - SISTEMAS APLICATIVOS|01012020|31122020|248|S|1.2.1.05|5|01
1.2.1.05.02.01|FP - Sistemas de informática|01012020|31122020|249|A|1.2.1.05.02|6|01
1.2.1.05.02.02|FP - (-) Amortização acumulada - sistemas de informática|01012020|31122020|250|A|1.2.1.05.02|6|01
1.2.1.05.03|FP - SISTEMAS APLICATIVOS - ARRENDAMENTO MERCANTIL|01012020|31122020|251|S|1.2.1.05|5|01
1.2.1.05.03.01|FP - Sistemas de informática - AM|01012020|31122020|252|A|1.2.1.05.03|6|01
1.2.1.05.03.02|FP - (-) Amortização acumulada - sistemas de informática - AM|01012020|31122020|253|A|1.2.1.05.03|6|01
1.2.2|OR - ATIVO NÃO CIRCULANTE - OUTROS RECURSOS|01012020|31122020|254|S|1.2|3|01
1.2.2.01|OR - DIREITOS REALIZÁVEIS APÓS O EXERCÍCIO SEGUINTE|01012020|31122020|255|S|1.2.2|4|01
1.2.2.01.01|OR - OUTROS RECURSOS A RECEBER - LP|01012020|31122020|256|S|1.2.2.01|5|01
1.2.2.01.01.01|OR - Direção Nacional - LP|01012020|31122020|257|A|1.2.2.01.01|6|01
1.2.2.01.01.02|OR - Direção Estadual - LP|01012020|31122020|258|A|1.2.2.01.01|6|01
1.2.2.01.01.03|OR - Direção Municipal - LP|01012020|31122020|259|A|1.2.2.01.01|6|01
1.2.2.01.02|OR - CREDITOS A RECEBER EM LONGO PRAZO|01012020|31122020|260|S|1.2.2.01|5|01
1.2.2.01.02.01|OR - Títulos a receber em longo prazo|01012020|31122020|261|A|1.2.2.01.02|6|01
1.2.2.01.02.02|OR - Outros direitos realizáveis após o exercício seguinte|01012020|31122020|262|A|1.2.2.01.02|6|01
1.2.2.01.02.99|OR - (-) Provisão para perdas em créditos a receber - LP|01012020|31122020|263|A|1.2.2.01.02|6|01
1.2.2.01.03|OR - DEPÓSITOS RESTITUÍVEIS E VALORES VINCULADOS - LP|01012020|31122020|264|S|1.2.2.01|5|01
1.2.2.01.03.01|OR - Depósitos ou bloqueios judiciais - LP|01012020|31122020|265|A|1.2.2.01.03|6|01
1.2.2.01.03.02|OR - Depósitos ou bloqueios extrajudiciais - LP|01012020|31122020|266|A|1.2.2.01.03|6|01
1.2.2.02|OR - DESPESAS ANTECIPADAS - LP|01012020|31122020|267|S|1.2.2|4|01
1.2.2.02.01|OR - DESPESAS DIVERSAS PAGAS ANTECIPAMENTE - LP|01012020|31122020|268|S|1.2.2.02|5|01
1.2.2.02.01.01|OR - Prêmios de seguro a apropriar - LP|01012020|31122020|269|A|1.2.2.02.01|6|01
1.2.2.02.01.02|OR - Aluguéis pagos antecipadamente a apropriar - LP|01012020|31122020|270|A|1.2.2.02.01|6|01
1.2.2.02.01.03|OR - Assinaturas e anuidades a apropriar - LP|01012020|31122020|271|A|1.2.2.02.01|6|01
1.2.2.02.01.04|OR - Outras despesas pagas antecipadamente a apropriar - LP|01012020|31122020|272|A|1.2.2.02.01|6|01
1.2.2.03|OR - INVESTIMENTOS|01012020|31122020|273|S|1.2.2|4|01
1.2.2.03.01|OR - INVESTIMENTOS DIVERSOS|01012020|31122020|274|S|1.2.2.03|5|01
1.2.2.03.01.01|OR - Investimentos permanentes diversos|01012020|31122020|275|A|1.2.2.03.01|6|01
1.2.2.03.01.99|OR - (-) Provisão para perdas em investimentos permanentes|01012020|31122020|276|A|1.2.2.03.01|6|01
1.2.2.04|OR - IMOBILIZADO|01012020|31122020|277|S|1.2.2|4|01
1.2.2.04.01|OR - BENS MÓVEIS|01012020|31122020|278|S|1.2.2.04|5|01
1.2.2.04.01.01|OR - Equipamentos de informática|01012020|31122020|279|A|1.2.2.04.01|6|01
1.2.2.04.01.02|OR - (-) Depreciação acumulada - equipamentos de informática|01012020|31122020|280|A|1.2.2.04.01|6|01
1.2.2.04.01.03|OR - Equipamentos audiovisuais|01012020|31122020|281|A|1.2.2.04.01|6|01
1.2.2.04.01.04|OR - (-) Depreciação acumulada - equipamentos audiovisuais|01012020|31122020|282|A|1.2.2.04.01|6|01
1.2.2.04.01.05|OR - Equipamentos de sonorização|01012020|31122020|283|A|1.2.2.04.01|6|01
1.2.2.04.01.06|OR - (-) Depreciação acumulada - equipamentos de sonorização|01012020|31122020|284|A|1.2.2.04.01|6|01
1.2.2.04.01.07|OR - Outras máquinas e equipamentos|01012020|31122020|285|A|1.2.2.04.01|6|01
1.2.2.04.01.08|OR - (-) Depreciação Acumulada - outras máquinas e equipamentos|01012020|31122020|286|A|1.2.2.04.01|6|01
1.2.2.04.01.09|OR - Móveis e utensílios|01012020|31122020|287|A|1.2.2.04.01|6|01
1.2.2.04.01.10|OR - (-) Depreciação acumulada - móveis e utensílios|01012020|31122020|288|A|1.2.2.04.01|6|01
1.2.2.04.01.11|OR - Veículos|01012020|31122020|289|A|1.2.2.04.01|6|01
1.2.2.04.01.12|OR - (-) Depreciação acumulada - veículos|01012020|31122020|290|A|1.2.2.04.01|6|01
1.2.2.04.02|OR - BENS MÓVEIS - ARRENDAMENTO MERCANTIL|01012020|31122020|291|S|1.2.2.04|5|01
1.2.2.04.02.01|OR - Equipamentos de informática - AM|01012020|31122020|292|A|1.2.2.04.02|6|01
1.2.2.04.02.02|OR - (-) Depreciação acumulada - equipamentos de informática - AM|01012020|31122020|293|A|1.2.2.04.02|6|01
1.2.2.04.02.03|OR - Equipamentos audiovisuais - AM|01012020|31122020|294|A|1.2.2.04.02|6|01
1.2.2.04.02.04|OR - (-) Depreciação acumulada - equipamentos audiovisuais - AM|01012020|31122020|295|A|1.2.2.04.02|6|01
1.2.2.04.02.05|OR - Equipamentos de sonorização - AM|01012020|31122020|296|A|1.2.2.04.02|6|01
1.2.2.04.02.06|OR - (-) Depreciação acumulada - equipamentos de sonorização - AM|01012020|31122020|297|A|1.2.2.04.02|6|01
1.2.2.04.02.07|OR - Outras máquinas e equipamentos - AM|01012020|31122020|298|A|1.2.2.04.02|6|01
1.2.2.04.02.08|OR - (-) Depreciação Acumulada - outras máquinas e equipamentos - AM|01012020|31122020|299|A|1.2.2.04.02|6|01
1.2.2.04.02.09|OR - Móveis e utensílios - AM|01012020|31122020|300|A|1.2.2.04.02|6|01
1.2.2.04.02.10|OR - (-) Depreciação acumulada - móveis e utensílios - AM|01012020|31122020|301|A|1.2.2.04.02|6|01
1.2.2.04.02.11|OR - Veículos - AM|01012020|31122020|302|A|1.2.2.04.02|6|01
1.2.2.04.02.12|OR - (-) Depreciação acumulada - veículos - AM|01012020|31122020|303|A|1.2.2.04.02|6|01
1.2.2.04.03|OR - BENS IMÓVEIS|01012020|31122020|304|S|1.2.2.04|5|01
1.2.2.04.03.01|OR - Terrenos|01012020|31122020|305|A|1.2.2.04.03|6|01
1.2.2.04.03.02|OR - Edificações|01012020|31122020|306|A|1.2.2.04.03|6|01
1.2.2.04.03.03|OR - (-) Depreciação acumulada - edificações|01012020|31122020|307|A|1.2.2.04.03|6|01
1.2.2.04.03.04|OR - Instalações|01012020|31122020|308|A|1.2.2.04.03|6|01
1.2.2.04.03.05|OR - (-) Depreciação acumulada - instalações|01012020|31122020|309|A|1.2.2.04.03|6|01
1.2.2.04.03.06|OR - Outros bens imóveis|01012020|31122020|310|A|1.2.2.04.03|6|01
1.2.2.04.03.07|OR - (-) Depreciação acumulada - outros bens imóveis|01012020|31122020|311|A|1.2.2.04.03|6|01
1.2.2.05|OR - INTANGÍVEL|01012020|31122020|312|S|1.2.2|4|01
1.2.2.05.01|OR - BENS INCORPÓREOS|01012020|31122020|313|S|1.2.2.05|5|01
1.2.2.05.01.01|OR - Direito de uso|01012020|31122020|314|A|1.2.2.05.01|6|01
1.2.2.05.01.02|OR - (-) Amortização acumulada - direito de uso|01012020|31122020|315|A|1.2.2.05.01|6|01
1.2.2.05.01.03|OR - Marcas e patentes|01012020|31122020|316|A|1.2.2.05.01|6|01
1.2.2.05.01.04|OR - (-) Amortização acumulada - marcas e patentes|01012020|31122020|317|A|1.2.2.05.01|6|01
1.2.2.05.01.05|OR - Outros bens incorpóreos|01012020|31122020|318|A|1.2.2.05.01|6|01
1.2.2.05.01.06|OR - (-) Amortização acumulada - outros bens incorpóreos|01012020|31122020|319|A|1.2.2.05.01|6|01
1.2.2.05.02|OR - SISTEMAS APLICATIVOS|01012020|31122020|320|S|1.2.2.05|5|01
1.2.2.05.02.01|OR - Sistemas de informática|01012020|31122020|321|A|1.2.2.05.02|6|01
1.2.2.05.02.02|OR - (-) Amortização acumulada - sistemas de informática|01012020|31122020|322|A|1.2.2.05.02|6|01
1.2.2.05.03|OR - SISTEMAS APLICATIVOS - ARRENDAMENTO MERCANTIL|01012020|31122020|323|S|1.2.2.05|5|01
1.2.2.05.03.01|OR - Sistemas de informática - AM|01012020|31122020|324|A|1.2.2.05.03|6|01
1.2.2.05.03.02|OR - (-) Amortização acumulada - sistemas de informática - AM|01012020|31122020|325|A|1.2.2.05.03|6|01
1.2.3|FEFC - ATIVO NÃO CIRCULANTE - FUNDO ESPECIAL PARA FINANCIAMENTO DE CAMPANHA|01012020|31122020|326|S|1.2|3|01
1.2.3.01|FEFC - DIREITOS REALIZÁVEIS APÓS O EXERCÍCIO SEGUINTE|01012020|31122020|327|S|1.2.3|4|01
1.2.3.01.01|FEFC - RECURSOS DO FUNDO ESPECIAL PARA FINANCIAMENTO DE CAMPANHA A RECEBER - LP|01012020|31122020|328|S|1.2.3.01|5|01
1.2.3.01.01.01|FEFC - Direção Nacional - LP|01012020|31122020|329|A|1.2.3.01.01|6|01
1.2.3.01.01.02|FEFC - Direção Estadual - LP|01012020|31122020|330|A|1.2.3.01.01|6|01
1.2.3.01.01.03|FEFC - Direção Municipal - LP|01012020|31122020|331|A|1.2.3.01.01|6|01
1.2.3.01.02|FEFC - CREDITOS A RECEBER EM LONGO PRAZO|01012020|31122020|332|S|1.2.3.01|5|01
1.2.3.01.02.01|FEFC - Títulos a receber em longo prazo|01012020|31122020|333|A|1.2.3.01.02|6|01
1.2.3.01.02.02|FEFC - Outros direitos realizáveis após o exercício seguinte|01012020|31122020|334|A|1.2.3.01.02|6|01
1.2.3.01.02.99|FEFC - (-) Provisão para perdas em créditos a receber - LP|01012020|31122020|335|A|1.2.3.01.02|6|01
1.2.3.01.03|FEFC - DEPÓSITOS RESTITUÍVEIS E VALORES VINCULADOS - LP|01012020|31122020|336|S|1.2.3.01|5|01
1.2.3.01.03.01|FEFC - Depósitos ou bloqueios judiciais - LP|01012020|31122020|337|A|1.2.3.01.03|6|01
1.2.3.01.03.02|FEFC - Depósitos ou bloqueios extrajudiciais - LP|01012020|31122020|338|A|1.2.3.01.03|6|01
1.2.3.02|FEFC - DESPESAS ANTECIPADAS - LP|01012020|31122020|339|S|1.2.3|4|01
1.2.3.02.01|FEFC - DESPESAS DIVERSAS PAGAS ANTECIPAMENTE - LP|01012020|31122020|340|S|1.2.3.02|5|01
1.2.3.02.01.01|FEFC - Prêmios de seguro a apropriar - LP|01012020|31122020|341|A|1.2.3.02.01|6|01
1.2.3.02.01.02|FEFC - Aluguéis pagos antecipadamente a apropriar - LP|01012020|31122020|342|A|1.2.3.02.01|6|01
1.2.3.02.01.04|FEFC - Outras despesas pagas antecipadamente a apropriar - LP|01012020|31122020|343|A|1.2.3.02.01|6|01
1.2.3.03|FEFC - INVESTIMENTOS|01012020|31122020|344|S|1.2.3|4|01
1.2.3.03.01|FEFC - INVESTIMENTOS DIVERSOS|01012020|31122020|345|S|1.2.3.03|5|01
1.2.3.03.01.01|FEFC - Investimentos permanentes diversos|01012020|31122020|346|A|1.2.3.03.01|6|01
1.2.3.03.01.99|FEFC - (-) Provisão para perdas em investimentos permanentes|01012020|31122020|347|A|1.2.3.03.01|6|01
1.2.3.04|FEFC - IMOBILIZADO|01012020|31122020|348|S|1.2.3|4|01
1.2.3.04.01|FEFC - BENS MÓVEIS|01012020|31122020|349|S|1.2.3.04|5|01
1.2.3.04.01.01|FEFC - Equipamentos de informática|01012020|31122020|350|A|1.2.3.04.01|6|01
1.2.3.04.01.02|FEFC - (-) Depreciação acumulada - equipamentos de informática|01012020|31122020|351|A|1.2.3.04.01|6|01
1.2.3.04.01.03|FEFC - Equipamentos audiovisuais|01012020|31122020|352|A|1.2.3.04.01|6|01
1.2.3.04.01.04|FEFC - (-) Depreciação acumulada - equipamentos audiovisuais|01012020|31122020|353|A|1.2.3.04.01|6|01
1.2.3.04.01.05|FEFC - Equipamentos de sonorização|01012020|31122020|354|A|1.2.3.04.01|6|01
1.2.3.04.01.06|FEFC - (-) Depreciação acumulada - equipamentos de sonorização|01012020|31122020|355|A|1.2.3.04.01|6|01
1.2.3.04.01.07|FEFC - Outras máquinas e equipamentos|01012020|31122020|356|A|1.2.3.04.01|6|01
1.2.3.04.01.08|FEFC - (-) Depreciação Acumulada - outras máquinas e equipamentos|01012020|31122020|357|A|1.2.3.04.01|6|01
1.2.3.04.01.09|FEFC - Móveis e utensílios|01012020|31122020|358|A|1.2.3.04.01|6|01
1.2.3.04.01.10|FEFC - (-) Depreciação acumulada - móveis e utensílios|01012020|31122020|359|A|1.2.3.04.01|6|01
1.2.3.04.01.11|FEFC - Veículos|01012020|31122020|360|A|1.2.3.04.01|6|01
1.2.3.04.01.12|FEFC - (-) Depreciação acumulada - veículos|01012020|31122020|361|A|1.2.3.04.01|6|01
1.2.3.04.02|FEFC - BENS MÓVEIS - ARRENDAMENTO MERCANTIL|01012020|31122020|362|S|1.2.3.04|5|01
1.2.3.04.02.01|FEFC - Equipamentos de informática - AM|01012020|31122020|363|A|1.2.3.04.02|6|01
1.2.3.04.02.02|FEFC - (-) Depreciação acumulada - equipamentos de informática - AM|01012020|31122020|364|A|1.2.3.04.02|6|01
1.2.3.04.02.03|FEFC - Equipamentos audiovisuais - AM|01012020|31122020|365|A|1.2.3.04.02|6|01
1.2.3.04.02.04|FEFC - (-) Depreciação acumulada - equipamentos audiovisuais - AM|01012020|31122020|366|A|1.2.3.04.02|6|01
1.2.3.04.02.05|FEFC - Equipamentos de sonorização - AM|01012020|31122020|367|A|1.2.3.04.02|6|01
1.2.3.04.02.06|FEFC - (-) Depreciação acumulada - equipamentos de sonorização - AM|01012020|31122020|368|A|1.2.3.04.02|6|01
1.2.3.04.02.07|FEFC - Outras máquinas e equipamentos - AM|01012020|31122020|369|A|1.2.3.04.02|6|01
1.2.3.04.02.08|FEFC - (-) Depreciação Acumulada - outras máquinas e equipamentos - AM|01012020|31122020|370|A|1.2.3.04.02|6|01
1.2.3.04.02.09|FEFC - Móveis e utensílios - AM|01012020|31122020|371|A|1.2.3.04.02|6|01
1.2.3.04.02.10|FEFC - (-) Depreciação acumulada - móveis e utensílios - AM|01012020|31122020|372|A|1.2.3.04.02|6|01
1.2.3.04.02.11|FEFC - Veículos - AM|01012020|31122020|373|A|1.2.3.04.02|6|01
1.2.3.04.02.12|FEFC - (-) Depreciação acumulada - veículos - AM|01012020|31122020|374|A|1.2.3.04.02|6|01
1.2.3.04.03|FEFC - BENS IMÓVEIS|01012020|31122020|375|S|1.2.3.04|5|01
1.2.3.04.03.01|FEFC - Terrenos|01012020|31122020|376|A|1.2.3.04.03|6|01
1.2.3.04.03.02|FEFC - Edificações|01012020|31122020|377|A|1.2.3.04.03|6|01
1.2.3.04.03.03|FEFC - (-) Depreciação acumulada - edificações|01012020|31122020|378|A|1.2.3.04.03|6|01
1.2.3.04.03.04|FEFC - Instalações|01012020|31122020|379|A|1.2.3.04.03|6|01
1.2.3.04.03.05|FEFC - (-) Depreciação acumulada - instalações|01012020|31122020|380|A|1.2.3.04.03|6|01
1.2.3.04.03.06|FEFC - Outros bens imóveis|01012020|31122020|381|A|1.2.3.04.03|6|01
1.2.3.04.03.07|FEFC - (-) Depreciação acumulada - outros bens imóveis|01012020|31122020|382|A|1.2.3.04.03|6|01
1.2.3.05|FEFC - INTANGÍVEL|01012020|31122020|383|S|1.2.3|4|01
1.2.3.05.01|FEFC - BENS INCORPÓREOS|01012020|31122020|384|S|1.2.3.05|5|01
1.2.3.05.01.01|FEFC - Direito de uso|01012020|31122020|385|A|1.2.3.05.01|6|01
1.2.3.05.01.02|FEFC - (-) Amortização acumulada - direito de uso|01012020|31122020|386|A|1.2.3.05.01|6|01
1.2.3.05.01.03|FEFC - Marcas e patentes|01012020|31122020|387|A|1.2.3.05.01|6|01
1.2.3.05.01.04|FEFC - (-) Amortização acumulada - marcas e patentes|01012020|31122020|388|A|1.2.3.05.01|6|01
1.2.3.05.01.05|FEFC - Outros bens incorpóreos|01012020|31122020|389|A|1.2.3.05.01|6|01
1.2.3.05.01.06|FEFC - (-) Amortização acumulada - outros bens incorpóreos|01012020|31122020|390|A|1.2.3.05.01|6|01
1.2.3.05.02|FEFC - SISTEMAS APLICATIVOS|01012020|31122020|391|S|1.2.3.05|5|01
1.2.3.05.02.01|FEFC - Sistemas de informática|01012020|31122020|392|A|1.2.3.05.02|6|01
1.2.3.05.02.02|FEFC - (-) Amortização acumulada - sistemas de informática|01012020|31122020|393|A|1.2.3.05.02|6|01
1.2.3.05.03|FEFC - SISTEMAS APLICATIVOS - ARRENDAMENTO MERCANTIL|01012020|31122020|394|S|1.2.3.05|5|01
1.2.3.05.03.01|FEFC - Sistemas de informática - AM|01012020|31122020|395|A|1.2.3.05.03|6|01
1.2.3.05.03.02|FEFC - (-) Amortização acumulada - sistemas de informática - AM|01012020|31122020|396|A|1.2.3.05.03|6|01
2|PASSIVO|01012020|31122020|397|S||1|02
2.1|PASSIVO CIRCULANTE|01012020|31122020|398|S|2|2|01
2.1.1|FP - OBRIGAÇÕES DE CURTO PRAZO - FUNDO PARTIDÁRIO|01012020|31122020|399|S|2.1|3|02
2.1.1.01|FP - FORNECEDORES|01012020|31122020|400|S|2.1.1|4|02
2.1.1.01.01|FP - FORNECEDORES DE BENS E SERVIÇOS|01012020|31122020|401|S|2.1.1.01|5|02
2.1.1.01.01.01|FP - Fornecedores de bens|01012020|31122020|402|A|2.1.1.01.01|6|02
2.1.1.01.01.02|FP - Prestadores de serviços|01012020|31122020|403|A|2.1.1.01.01|6|02
2.1.1.01.01.03|FP - Outros fornecedores de bens e serviços|01012020|31122020|404|A|2.1.1.01.01|6|02
2.1.1.02|FP - OBRIGAÇÕES TRABALHISTAS, SOCIAIS E FISCAIS|01012020|31122020|405|S|2.1.1|4|02
2.1.1.02.01|FP - OBRIGAÇÕES TRABALHISTAS|01012020|31122020|406|S|2.1.1.02|5|02
2.1.1.02.01.01|FP - Salários e ordenados a pagar|01012020|31122020|407|A|2.1.1.02.01|6|02
2.1.1.02.01.02|FP - 13º salário a pagar|01012020|31122020|408|A|2.1.1.02.01|6|02
2.1.1.02.01.03|FP - Férias a pagar|01012020|31122020|409|A|2.1.1.02.01|6|02
2.1.1.02.01.04|FP - Estagiários a pagar|01012020|31122020|410|A|2.1.1.02.01|6|02
2.1.1.02.01.05|FP - Outras obrigações trabalhistas a pagar|01012020|31122020|411|A|2.1.1.02.01|6|02
2.1.1.02.02|FP - OBRIGAÇÕES SOCIAIS|01012020|31122020|412|S|2.1.1.02|5|02
2.1.1.02.02.01|FP - Previdência social a recolher|01012020|31122020|413|A|2.1.1.02.02|6|02
2.1.1.02.02.02|FP - FGTS a recolher|01012020|31122020|414|A|2.1.1.02.02|6|02
2.1.1.02.02.03|FP - PIS a recolher|01012020|31122020|415|A|2.1.1.02.02|6|02
2.1.1.02.02.04|FP - Outras obrigações sociais a recolher|01012020|31122020|416|A|2.1.1.02.02|6|02
2.1.1.02.03|FP - OBRIGAÇÕES FISCAIS|01012020|31122020|417|S|2.1.1.02|5|02
2.1.1.02.03.01|FP - IR retido na fonte a recolher|01012020|31122020|418|A|2.1.1.02.03|6|02
2.1.1.02.03.02|FP - ISS retido na fonte a recolher|01012020|31122020|419|A|2.1.1.02.03|6|02
2.1.1.02.03.03|FP - Outras obrigações fiscais a recolher|01012020|31122020|420|A|2.1.1.02.03|6|02
2.1.1.03|FP - OUTRAS OBRIGAÇÕES A PAGAR|01012020|31122020|421|S|2.1.1|4|02
2.1.1.03.01|FP - OBRIGAÇÕES DIVERSAS|01012020|31122020|422|S|2.1.1.03|5|02
2.1.1.03.01.01|FP - Aluguéis a pagar|01012020|31122020|423|A|2.1.1.03.01|6|02
2.1.1.03.01.02|FP - Honorários e serviços técnico-profissionais a pagar|01012020|31122020|424|A|2.1.1.03.01|6|02
2.1.1.03.01.03|FP - Encargos sociais a pagar|01012020|31122020|425|A|2.1.1.03.01|6|02
2.1.1.03.01.04|FP - Seguros a pagar|01012020|31122020|426|A|2.1.1.03.01|6|02
2.1.1.03.01.05|FP - Empréstimos bancários a pagar|01012020|31122020|427|A|2.1.1.03.01|6|02
2.1.1.03.01.06|FP - Financiamentos a pagar|01012020|31122020|428|A|2.1.1.03.01|6|02
2.1.1.03.01.07|FP - Outras obrigações diversas a pagar|01012020|31122020|429|A|2.1.1.03.01|6|02
2.1.1.03.01.99|FP - (-) Encargos financeiros sobre empréstimos e financiamentos a apropriar|01012020|31122020|430|A|2.1.1.03.01|6|02
2.1.1.03.02|FP - ARRENDAMENTO MERCANTIL A PAGAR|01012020|31122020|431|S|2.1.1.03|5|02
2.1.1.03.02.01|FP - Arrendamento mercantil a pagar|01012020|31122020|432|A|2.1.1.03.02|6|02
2.1.1.03.02.99|FP - (-) Encargos financeiros sobre arrendamento mercantil a apropriar|01012020|31122020|433|A|2.1.1.03.02|6|02
2.1.1.04|FP - OBRIGAÇÕES PROVISIONADAS|01012020|31122020|434|S|2.1.1|4|02
2.1.1.04.01|FP - PROVISÕES TRABALHISTAS|01012020|31122020|435|S|2.1.1.04|5|02
2.1.1.04.01.01|FP - Provisão para 13º salário|01012020|31122020|436|A|2.1.1.04.01|6|02
2.1.1.04.01.02|FP - Provisão para férias|01012020|31122020|437|A|2.1.1.04.01|6|02
2.1.1.04.01.03|FP - Outras obrigações provisionadas|01012020|31122020|438|A|2.1.1.04.01|6|02
2.1.1.05|FP - TRANSFERÊNCIAS DE RECURSOS FINANCEIROS A EFETUAR|01012020|31122020|439|S|2.1.1|4|02
2.1.1.05.01|FP - TRANSFERÊNCIAS DO FUNDO PARTIDÁRIO A EFETUAR|01012020|31122020|440|S|2.1.1.05|5|02
2.1.1.05.01.01|FP - Transferências a efetuar - Direção Nacional|01012020|31122020|441|A|2.1.1.05.01|6|02
2.1.1.05.01.02|FP - Transferências a efetuar - Direção Estadual|01012020|31122020|442|A|2.1.1.05.01|6|02
2.1.1.05.01.03|FP - Transferências a efetuar - Direção Municipal|01012020|31122020|443|A|2.1.1.05.01|6|02
2.1.1.05.01.04|FP - Transferências a efetuar - Candidato|01012020|31122020|444|A|2.1.1.05.01|6|02
2.1.1.05.01.05|FP - Transferências a efetuar - Candidatas|01012020|31122020|445|A|2.1.1.05.01|6|02
2.1.1.05.01.06|FP - Transferências a efetuar - Fundação ou instituto partidário|01012020|31122020|446|A|2.1.1.05.01|6|02
2.1.1.05.02|FP - OUTRAS TRANSFERÊNCIAS DE RECURSOS FINANCEIROS A EFETUAR|01012020|31122020|447|S|2.1.1.05|5|02
2.1.1.05.02.01|FP - Recursos de origem não identificada a recolher ao Erário|01012020|31122020|448|A|2.1.1.05.02|6|02
2.1.1.05.02.02|FP - Valores a recolher - Conta única do Tesouro Nacional|01012020|31122020|449|A|2.1.1.05.02|6|02
2.1.1.05.02.03|FP - Recursos de fonte vedada a recolher|01012020|31122020|450|A|2.1.1.05.02|6|02
2.1.1.05.02.04|FP - Valores a devolver ao Erário - Sobras do Fundo Especial de Financiamento de Campanha|01012020|31122020|451|A|2.1.1.05.02|6|02
2.1.1.05.02.05|FP - Valores a recolher ao Erário - Multas eleitorais|01012020|31122020|452|A|2.1.1.05.02|6|02
2.1.1.06|FP - TRANSFERÊNCIAS DE RECURSOS ESTIMÁVEIS EM DINHEIRO A EFETUAR|01012020|31122020|453|S|2.1.1|4|02
2.1.1.06.01|FP - TRANSFERÊNCIAS DE RECURSOS ORIGINÁRIOS DE DOAÇÕES ESTIMÁVEIS EM DINHEIRO A EFETUAR|01012020|31122020|454|S|2.1.1.06|5|02
2.1.1.06.01.01|FP - Transferências a efetuar - Direção Nacional - estimáveis em dinheiro|01012020|31122020|455|A|2.1.1.06.01|6|02
2.1.1.06.01.02|FP - Transferências a efetuar - Direção Estadual - estimáveis em dinheiro|01012020|31122020|456|A|2.1.1.06.01|6|02
2.1.1.06.01.03|FP - Transferências a efetuar - Direção Municipal - estimáveis em dinheiro|01012020|31122020|457|A|2.1.1.06.01|6|02
2.1.1.06.01.04|FP - Transferências a efetuar - Candidato - estimáveis em dinheiro|01012020|31122020|458|A|2.1.1.06.01|6|02
2.1.1.06.01.05|FP - Transferências a efetuar - Candidatas - estimáveis em dinheiro|01012020|31122020|459|A|2.1.1.06.01|6|02
2.1.1.06.01.06|FP - Transferências a efetuar - Fundação - estimáveis em dinheiro|01012020|31122020|460|A|2.1.1.06.01|6|02
2.1.1.07|FP - TRANSFERÊNCIAS DE SOBRAS DE CAMPANHA A EFETUAR|01012020|31122020|461|S|2.1.1|4|02
2.1.1.07.01|FP - SOBRAS DE CAMPANHA A TRANSFERIR / RECOLHER|01012020|31122020|462|S|2.1.1.07|5|02
2.1.1.07.01.01|FP - Sobras financeiras a transferir / recolher|01012020|31122020|463|A|2.1.1.07.01|6|02
2.1.1.07.01.02|FP - Sobras em bens permanentes estimáveis em dinheiro a transferir|01012020|31122020|464|A|2.1.1.07.01|6|02
2.1.1.08|FP - CRIAÇÃO E MANUTENÇÃO DE PROGRAMAS DE PROMOÇÃO E DIFUSÃO DA PARTICIPAÇÃO POLÍTICA DAS MULHERES A EFETUAR|01012020|31122020|465|S|2.1.1|4|02
2.1.1.08.01|FP - AÇÕES, PROGRAMAS E PROJETOS - MULHERES - A EFETUAR|01012020|31122020|466|S|2.1.1.08|5|02
2.1.1.08.01.01|FP - Obrigações com ações e programas doutrinários e políticos a efetuar - mulheres|01012020|31122020|467|A|2.1.1.08.01|6|02
2.1.1.08.01.02|FP - Obrigações com ações e programas para alistamento a efetuar - mulheres|01012020|31122020|468|A|2.1.1.08.01|6|02
2.1.1.08.01.03|FP - Obrigações com seminários, congressos, eventos e convenções a efetuar - mulheres|01012020|31122020|469|A|2.1.1.08.01|6|02
2.1.1.08.01.04|FP - Outras obrigações com participação política de mulheres a efetuar|01012020|31122020|470|A|2.1.1.08.01|6|02
2.1.1.09|FP - FORNECEDORES DE BENS E SERVIÇOS - DÍVIDAS DE CAMPANHA|01012020|31122020|471|S|2.1.1|4|02
2.1.1.09.01|FP - Pleito - ano XXXX|01012020|31122020|472|S|2.1.1.09|5|02
2.1.1.09.01.01|FP - Dívida assumida de candidatos|01012020|31122020|473|A|2.1.1.09.01|6|02
2.1.1.09.01.02|FP - Dívidas assumida de comitês financeiros|01012020|31122020|474|A|2.1.1.09.01|6|02
2.1.1.09.01.03|FP - Dívidas assumida de diretórios partidários|01012020|31122020|475|A|2.1.1.09.01|6|02
2.1.2|OR - PASSIVO CIRCULANTE - OUTROS RECURSOS|01012020|31122020|476|S|2.1|3|02
2.1.2.01|OR - FORNECEDORES|01012020|31122020|477|S|2.1.2|4|02
2.1.2.01.01|OR - FORNECEDORES DE BENS E SERVIÇOS|01012020|31122020|478|S|2.1.2.01|5|02
2.1.2.01.01.01|OR - Fornecedores de bens|01012020|31122020|479|A|2.1.2.01.01|6|02
2.1.2.01.01.02|OR - Prestadores de serviços|01012020|31122020|480|A|2.1.2.01.01|6|02
2.1.2.01.01.03|OR - Outros fornecedores de bens e serviços|01012020|31122020|481|A|2.1.2.01.01|6|02
2.1.2.02|OR - OBRIGAÇÕES TRABALHISTAS, SOCIAIS E FISCAIS|01012020|31122020|482|S|2.1.2|4|02
2.1.2.02.01|OR - OBRIGAÇÕES TRABALHISTAS|01012020|31122020|483|S|2.1.2.02|5|02
2.1.2.02.01.01|OR - Salários e ordenados a pagar|01012020|31122020|484|A|2.1.2.02.01|6|02
2.1.2.02.01.02|OR - 13º salário a pagar|01012020|31122020|485|A|2.1.2.02.01|6|02
2.1.2.02.01.03|OR - Férias a pagar|01012020|31122020|486|A|2.1.2.02.01|6|02
2.1.2.02.01.04|OR - Estagiários a pagar|01012020|31122020|487|A|2.1.2.02.01|6|02
2.1.2.02.01.05|OR - Outras obrigações trabalhistas a pagar|01012020|31122020|488|A|2.1.2.02.01|6|02
2.1.2.02.02|OR - OBRIGAÇÕES SOCIAIS|01012020|31122020|489|S|2.1.2.02|5|02
2.1.2.02.02.01|OR - Previdência social a recolher|01012020|31122020|490|A|2.1.2.02.02|6|02
2.1.2.02.02.02|OR - FGTS a recolher|01012020|31122020|491|A|2.1.2.02.02|6|02
2.1.2.02.02.03|OR - PIS a recolher|01012020|31122020|492|A|2.1.2.02.02|6|02
2.1.2.02.02.04|OR - Outras obrigações sociais s recolher|01012020|31122020|493|A|2.1.2.02.02|6|02
2.1.2.02.03|OR - OBRIGAÇÕES FISCAIS|01012020|31122020|494|S|2.1.2.02|5|02
2.1.2.02.03.01|OR - IR retido na fonte a recolher|01012020|31122020|495|A|2.1.2.02.03|6|02
2.1.2.02.03.02|OR - ISS retido na fonte a recolher|01012020|31122020|496|A|2.1.2.02.03|6|02
2.1.2.02.03.03|OR - Outras obrigações fiscais a recolher|01012020|31122020|497|A|2.1.2.02.03|6|02
2.1.2.03|OR - OUTRAS OBRIGAÇÕES A PAGAR|01012020|31122020|498|S|2.1.2|4|02
2.1.2.03.01|OR - OBRIGAÇÕES DIVERSAS|01012020|31122020|499|S|2.1.2.03|5|02
2.1.2.03.01.01|OR - Aluguéis a pagar|01012020|31122020|500|A|2.1.2.03.01|6|02
2.1.2.03.01.02|OR - Honorários e serviços técnico-profissionais a pagar|01012020|31122020|501|A|2.1.2.03.01|6|02
2.1.2.03.01.03|OR - Encargos sociais a pagar|01012020|31122020|502|A|2.1.2.03.01|6|02
2.1.2.03.01.04|OR - Seguros a pagar|01012020|31122020|503|A|2.1.2.03.01|6|02
2.1.2.03.01.05|OR - Empréstimos bancários a pagar|01012020|31122020|504|A|2.1.2.03.01|6|02
2.1.2.03.01.06|OR - Financiamentos a pagar|01012020|31122020|505|A|2.1.2.03.01|6|02
2.1.2.03.01.07|OR - Outras obrigações diversas a pagar|01012020|31122020|506|A|2.1.2.03.01|6|02
2.1.2.03.01.99|OR - (-) Encargos financeiros sobre empréstimos e financiamentos a apropriar|01012020|31122020|507|A|2.1.2.03.01|6|02
2.1.2.03.02|OR - ARRENDAMENTO MERCANTIL A PAGAR|01012020|31122020|508|S|2.1.2.03|5|02
2.1.2.03.02.01|OR - Arrendamento mercantil a pagar|01012020|31122020|509|A|2.1.2.03.02|6|02
2.1.2.03.02.99|OR - (-) Encargos financeiros sobre arrendamento mercantil a apropriar|01012020|31122020|510|A|2.1.2.03.02|6|02
2.1.2.04|OR - OBRIGAÇÕES PROVISIONADAS|01012020|31122020|511|S|2.1.2|4|02
2.1.2.04.01|OR - PROVISÕES TRABALHISTAS|01012020|31122020|512|S|2.1.2.04|5|02
2.1.2.04.01.01|OR - Provisão para 13º salário|01012020|31122020|513|A|2.1.2.04.01|6|02
2.1.2.04.01.02|OR - Provisão para férias|01012020|31122020|514|A|2.1.2.04.01|6|02
2.1.2.04.01.03|OR - Outras obrigações provisionadas|01012020|31122020|515|A|2.1.2.04.01|6|02
2.1.2.05|OR - TRANSFERÊNCIAS DE RECURSOS FINANCEIROS A EFETUAR|01012020|31122020|516|S|2.1.2|4|02
2.1.2.05.01|OR - TRANSFERÊNCIAS FINANCEIRAS DE DOAÇÕES E CONTRIBUIÇÕES A EFETUAR|01012020|31122020|517|S|2.1.2.05|5|02
2.1.2.05.01.01|OR - Transferências a efetuar - Direção Nacional|01012020|31122020|518|A|2.1.2.05.01|6|02
2.1.2.05.01.02|OR - Transferências a efetuar - Direção Estadual|01012020|31122020|519|A|2.1.2.05.01|6|02
2.1.2.05.01.03|OR - Transferências a efetuar - Direção Municipal|01012020|31122020|520|A|2.1.2.05.01|6|02
2.1.2.05.01.04|OR - Transferências a efetuar - Candidato|01012020|31122020|521|A|2.1.2.05.01|6|02
2.1.2.05.01.05|OR - Transferências a efetuar - Candidatas|01012020|31122020|522|A|2.1.2.05.01|6|02
2.1.2.05.01.06|OR - Transferências a efetuar - Fundação ou instituto partidário|01012020|31122020|523|A|2.1.2.05.01|6|02
2.1.2.05.02|OR - OUTRAS TRANSFERÊNCIAS DE RECURSOS FINANCEIROS A EFETUAR|01012020|31122020|524|S|2.1.2.05|5|02
2.1.2.05.02.01|OR - Recursos de origem não identificada a recolher ao Erário|01012020|31122020|525|A|2.1.2.05.02|6|02
2.1.2.05.02.02|OR - Valores a recolher - Conta única do Tesouro Nacional|01012020|31122020|526|A|2.1.2.05.02|6|02
2.1.2.05.02.03|OR - Recursos de fonte vedada a recolher|01012020|31122020|527|A|2.1.2.05.02|6|02
2.1.2.05.02.04|OR - Valores a devolver ao Erário - Sobras do Fundo Especial de Financiamento de Campanha|01012020|31122020|528|A|2.1.2.05.02|6|02
2.1.2.05.02.05|OR - Valores a recolher ao Erário - Multas eleitorais|01012020|31122020|529|A|2.1.2.05.02|6|02
2.1.2.06|OR - TRANSFERÊNCIAS DE RECURSOS ESTIMÁVEIS EM DINHEIRO A EFETUAR|01012020|31122020|530|S|2.1.2|4|02
2.1.2.06.01|OR - TRANSFERÊNCIAS DE RECURSOS ORIGINÁRIOS DE DOAÇÕES ESTIMÁVEIS EM DINHEIRO A EFETUAR|01012020|31122020|531|S|2.1.2.06|5|02
2.1.2.06.01.01|OR - Transferências a efetuar - Direção Nacional - estimáveis em dinheiro|01012020|31122020|532|A|2.1.2.06.01|6|02
2.1.2.06.01.02|OR - Transferências a efetuar - Direção Estadual - estimáveis em dinheiro|01012020|31122020|533|A|2.1.2.06.01|6|02
2.1.2.06.01.03|OR - Transferências a efetuar - Direção Municipal - estimáveis em dinheiro|01012020|31122020|534|A|2.1.2.06.01|6|02
2.1.2.06.01.04|OR - Transferências a efetuar - Candidato - estimáveis em dinheiro|01012020|31122020|535|A|2.1.2.06.01|6|02
2.1.2.06.01.05|OR - Transferências a efetuar - Candidatas - estimáveis em dinheiro|01012020|31122020|536|A|2.1.2.06.01|6|02
2.1.2.06.01.06|OR - Transferências a efetuar - Fundação - estimáveis em dinheiro|01012020|31122020|537|A|2.1.2.06.01|6|02
2.1.2.07|OR - TRANSFERÊNCIAS DE SOBRAS DE CAMPANHA A EFETUAR|01012020|31122020|538|S|2.1.2|4|02
2.1.2.07.01|OR - SOBRAS DE CAMPANHA A TRANSFERIR / RECOLHER|01012020|31122020|539|S|2.1.2.07|5|02
2.1.2.07.01.01|OR - Sobras financeiras a transferir / recolher|01012020|31122020|540|A|2.1.2.07.01|6|02
2.1.2.07.01.02|OR - Sobras em bens permanentes estimáveis em dinheiro a transferir|01012020|31122020|541|A|2.1.2.07.01|6|02
2.1.2.08|OR - CRIAÇÃO E MANUTENÇÃO DE PROGRAMAS DE PROMOÇÃO E DIFUSÃO DA PARTICIPAÇÃO POLÍTICA DAS MULHERES A EFETUAR|01012020|31122020|542|S|2.1.2|4|02
2.1.2.08.01|OR - AÇÕES, PROGRAMAS E PROJETOS - MULHERES - A EFETUAR|01012020|31122020|543|S|2.1.2.08|5|02
2.1.2.08.01.01|OR - Obrigações com ações e programas doutrinários e políticos a efetuar - mulheres|01012020|31122020|544|A|2.1.2.08.01|6|02
2.1.2.08.01.02|OR - Obrigações com ações e programas para alistamento a efetuar - mulheres|01012020|31122020|545|A|2.1.2.08.01|6|02
2.1.2.08.01.03|OR - Obrigações com seminários, congressos, eventos e convenções a efetuar - mulheres|01012020|31122020|546|A|2.1.2.08.01|6|02
2.1.2.08.01.04|OR - Outras obrigações com participação política de mulheres a efetuar|01012020|31122020|547|A|2.1.2.08.01|6|02
2.1.2.09|OR - FORNECEDORES DE BENS E SERVIÇOS - DÍVIDAS DE CAMPANHA|01012020|31122020|548|S|2.1.2|4|02
2.1.2.09.01|OR - Pleito - ano XXXX|01012020|31122020|549|S|2.1.2.09|5|02
2.1.2.09.01.01|OR - Dívida assumida de candidatos|01012020|31122020|550|A|2.1.2.09.01|6|02
2.1.2.09.01.02|OR - Dívidas assumida de comitês financeiros|01012020|31122020|551|A|2.1.2.09.01|6|02
2.1.2.09.01.03|OR - Dívidas assumida de diretórios partidários|01012020|31122020|552|A|2.1.2.09.01|6|02
2.1.3|FEFC - PASSIVO CIRCULANTE - FUNDO ESPECIAL PARA FINANCIAMENTO DE CAMPANHA|01012020|31122020|553|S|2.1|3|02
2.1.3.01|FEFC - FORNECEDORES|01012020|31122020|554|S|2.1.3|4|02
2.1.3.01.01|FEFC - FORNECEDORES DE BENS E SERVIÇOS|01012020|31122020|555|S|2.1.3.01|5|02
2.1.3.01.01.01|FEFC - Fornecedores de bens|01012020|31122020|556|A|2.1.3.01.01|6|02
2.1.3.01.01.02|FEFC - Prestadores de serviços|01012020|31122020|557|A|2.1.3.01.01|6|02
2.1.3.01.01.03|FEFC - Outros fornecedores de bens e serviços|01012020|31122020|558|A|2.1.3.01.01|6|02
2.1.3.02|FEFC - OBRIGAÇÕES TRABALHISTAS, SOCIAIS E FISCAIS|01012020|31122020|559|S|2.1.3|4|02
2.1.3.02.01|FEFC - OBRIGAÇÕES TRABALHISTAS|01012020|31122020|560|S|2.1.3.02|5|02
2.1.3.02.01.01|FEFC - Salários e ordenados a pagar|01012020|31122020|561|A|2.1.3.02.01|6|02
2.1.3.02.01.02|FEFC - 13º salário a pagar|01012020|31122020|562|A|2.1.3.02.01|6|02
2.1.3.02.01.03|FEFC - Férias a pagar|01012020|31122020|563|A|2.1.3.02.01|6|02
2.1.3.02.01.04|FEFC - Estagiários a pagar|01012020|31122020|564|A|2.1.3.02.01|6|02
2.1.3.02.01.05|FEFC - Outras obrigações trabalhistas a pagar|01012020|31122020|565|A|2.1.3.02.01|6|02
2.1.3.02.02|FEFC - OBRIGAÇÕES SOCIAIS|01012020|31122020|566|S|2.1.3.02|5|02
2.1.3.02.02.01|FEFC - Previdência social a recolher|01012020|31122020|567|A|2.1.3.02.02|6|02
2.1.3.02.02.02|FEFC - FGTS a recolher|01012020|31122020|568|A|2.1.3.02.02|6|02
2.1.3.02.02.03|FEFC - PIS a recolher|01012020|31122020|569|A|2.1.3.02.02|6|02
2.1.3.02.02.04|FEFC - Outras obrigações sociais|01012020|31122020|570|A|2.1.3.02.02|6|02
2.1.3.02.03|FEFC - OBRIGAÇÕES FISCAIS|01012020|31122020|571|S|2.1.3.02|5|02
2.1.3.02.03.01|FEFC - IR retido na fonte a recolher|01012020|31122020|572|A|2.1.3.02.03|6|02
2.1.3.02.03.02|FEFC - ISS retido na fonte a recolher|01012020|31122020|573|A|2.1.3.02.03|6|02
2.1.3.02.03.03|FEFC - Outras obrigações fiscais|01012020|31122020|574|A|2.1.3.02.03|6|02
2.1.3.03|FEFC - OUTRAS OBRIGAÇÕES A PAGAR|01012020|31122020|575|S|2.1.3|4|02
2.1.3.03.01|FEFC - OBRIGAÇÕES DIVERSAS|01012020|31122020|576|S|2.1.3.03|5|02
2.1.3.03.01.01|FEFC - Aluguéis e condomínios a pagar|01012020|31122020|577|A|2.1.3.03.01|6|02
2.1.3.03.01.02|FEFC - Honorários e serviços técnico-profissionais a pagar|01012020|31122020|578|A|2.1.3.03.01|6|02
2.1.3.03.01.03|FEFC - Encargos sociais a pagar|01012020|31122020|579|A|2.1.3.03.01|6|02
2.1.3.03.01.04|FEFC - Seguros a pagar|01012020|31122020|580|A|2.1.3.03.01|6|02
2.1.3.03.01.05|FEFC - Empréstimos bancários a pagar|01012020|31122020|581|A|2.1.3.03.01|6|02
2.1.3.03.01.06|FEFC - Financiamentos a pagar|01012020|31122020|582|A|2.1.3.03.01|6|02
2.1.3.03.01.07|FEFC - Outras obrigações a pagar|01012020|31122020|583|A|2.1.3.03.01|6|02
2.1.3.03.01.99|FEFC - (-) Encargos financeiros sobre empréstimos e financiamentos a apropriar|01012020|31122020|584|A|2.1.3.03.01|6|02
2.1.3.03.02|FEFC - ARRENDAMENTO MERCANTIL A PAGAR|01012020|31122020|585|S|2.1.3.03|5|02
2.1.3.03.02.01|FEFC - Arrendamento mercantil a pagar|01012020|31122020|586|A|2.1.3.03.02|6|02
2.1.3.03.02.99|FEFC - (-) Encargos financeiros sobre arrendamento mercantil a apropriar|01012020|31122020|587|A|2.1.3.03.02|6|02
2.1.3.04|FEFC - OBRIGAÇÕES PROVISIONADAS|01012020|31122020|588|S|2.1.3|4|02
2.1.3.04.01|FEFC - PROVISÕES TRABALHISTAS|01012020|31122020|589|S|2.1.3.04|5|02
2.1.3.04.01.01|FEFC - Provisão para 13º salário|01012020|31122020|590|A|2.1.3.04.01|6|02
2.1.3.04.01.02|FEFC - Provisão para férias|01012020|31122020|591|A|2.1.3.04.01|6|02
2.1.3.04.01.03|FEFC - Outras obrigações provisionadas|01012020|31122020|592|A|2.1.3.04.01|6|02
2.1.3.05|FEFC - TRANSFERÊNCIAS DE RECURSOS FINANCEIROS A EFETUAR|01012020|31122020|593|S|2.1.3|4|02
2.1.3.05.01|FEFC - TRANSFERÊNCIAS DO FUNDO ESPECIAL PARA FINANCIAMENTO DE CAMPANHA A EFETUAR|01012020|31122020|594|S|2.1.3.05|5|02
2.1.3.05.01.01|FEFC - Transferências a efetuar - Direção Nacional|01012020|31122020|595|A|2.1.3.05.01|6|02
2.1.3.05.01.02|FEFC - Transferências a efetuar - Direção Estadual|01012020|31122020|596|A|2.1.3.05.01|6|02
2.1.3.05.01.03|FEFC - Transferências a efetuar - Direção Municipal|01012020|31122020|597|A|2.1.3.05.01|6|02
2.1.3.05.01.04|FEFC - Transferências a efetuar - Candidato|01012020|31122020|598|A|2.1.3.05.01|6|02
2.1.3.05.01.05|FEFC - Transferências a efetuar - Candidatas|01012020|31122020|599|A|2.1.3.05.01|6|02
2.1.3.05.02|FEFC - OUTRAS TRANSFERÊNCIAS DE RECURSOS FINANCEIROS A EFETUAR|01012020|31122020|600|S|2.1.3.05|5|02
2.1.3.05.02.01|FEFC - Recursos de origem não identificada a recolher ao Erário|01012020|31122020|601|A|2.1.3.05.02|6|02
2.1.3.05.02.02|FEFC - Valores a devolver ao Erário - Aplicação Irregular|01012020|31122020|602|A|2.1.3.05.02|6|02
2.1.3.05.02.03|FEFC - Recursos de fonte vedada a recolher|01012020|31122020|603|A|2.1.3.05.02|6|02
2.1.3.05.02.04|FEFC - Valores a devolver ao Erário - Sobras do Fundo Especial de Financiamento de Campanha|01012020|31122020|604|A|2.1.3.05.02|6|02
2.1.3.06|FEFC - TRANSFERÊNCIAS DE RECURSOS ESTIMÁVEIS EM DINHEIRO A EFETUAR|01012020|31122020|605|S|2.1.3|4|02
2.1.3.06.01|FEFC - TRANSFERÊNCIAS DE RECURSOS ORIGINÁRIOS DE DOAÇÕES ESTIMÁVEIS EM DINHEIRO A EFETUAR|01012020|31122020|606|S|2.1.3.06|5|02
2.1.3.06.01.01|FEFC - Transferências a efetuar - Direção Nacional - estimáveis em dinheiro|01012020|31122020|607|A|2.1.3.06.01|6|02
2.1.3.06.01.02|FEFC - Transferências a efetuar - Direção Estadual - estimáveis em dinheiro|01012020|31122020|608|A|2.1.3.06.01|6|02
2.1.3.06.01.03|FEFC - Transferências a efetuar - Direção Municipal - estimáveis em dinheiro|01012020|31122020|609|A|2.1.3.06.01|6|02
2.1.3.06.01.04|FEFC - Transferências a efetuar - Candidato - estimáveis em dinheiro|01012020|31122020|610|A|2.1.3.06.01|6|02
2.1.3.06.01.05|FEFC - Transferências a efetuar - Candidatas - estimáveis em dinheiro|01012020|31122020|611|A|2.1.3.06.01|6|02
2.1.3.07|FEFC - TRANSFERÊNCIAS DE SOBRAS DE CAMPANHA A EFETUAR|01012020|31122020|612|S|2.1.3|4|02
2.1.3.07.01|FEFC - SOBRAS DE CAMPANHA A TRANSFERIR / RECOLHER|01012020|31122020|613|S|2.1.3.07|5|02
2.1.3.07.01.01|FEFC - Sobras financeiras a recolher ao Tesouro Nacional|01012020|31122020|614|A|2.1.3.07.01|6|02
2.1.3.07.01.02|FEFC - Sobras em bens permanentes estimáveis em dinheiro a transferir|01012020|31122020|615|A|2.1.3.07.01|6|02
2.1.3.08|FEFC - FINANCIAMENTO DE CAMPANHAS DE CANDIDATAS|01012020|31122020|616|S|2.1.3|4|02
2.1.3.08.01|FEFC - TRANSFERÊNCIAS A EFETUAR  - MULHERES|01012020|31122020|617|S|2.1.3.08|5|02
2.1.3.08.01.01|FEFC - Transferências de recursos financeiros a efetuar para candidatas|01012020|31122020|618|A|2.1.3.08.01|6|02
2.1.3.08.01.04|FEFC - Outras obrigações com participação política de mulheres a efetuar|01012020|31122020|619|A|2.1.3.08.01|6|02
2.1.3.09|FEFC - FORNECEDORES DE BENS E SERVIÇOS - DÍVIDAS DE CAMPANHA|01012020|31122020|620|S|2.1.3|4|02
2.1.3.09.01|FEFC - Pleito - ano XXXX|01012020|31122020|621|S|2.1.3.09|5|02
2.1.3.09.01.01|FEFC - Dívida assumida de candidatos|01012020|31122020|622|A|2.1.3.09.01|6|02
2.1.3.09.01.02|FEFC - Dívidas assumida de comitês financeiros|01012020|31122020|623|A|2.1.3.09.01|6|02
2.1.3.09.01.03|FEFC - Dívidas assumida de diretórios partidários|01012020|31122020|624|A|2.1.3.09.01|6|02
2.2|PASSIVO NÃO CIRCULANTE|01012020|31122020|625|S|2|2|02
2.2.1|FP - OBRIGAÇÕES DE LONGO PRAZO - FUNDO PARTIDÁRIO|01012020|31122020|626|S|2.2|3|02
2.2.1.01|FP - FORNECEDORES - LONGO PRAZO|01012020|31122020|627|S|2.2.1|4|02
2.2.1.01.01|FP - FORNECEDORES DE BENS E SERVIÇOS - LONGO PRAZO|01012020|31122020|628|S|2.2.1.01|5|02
2.2.1.01.01.01|FP - Fornecedores de bens em longo prazo|01012020|31122020|629|A|2.2.1.01.01|6|02
2.2.1.01.01.02|FP - Prestadores de serviços em longo prazo|01012020|31122020|630|A|2.2.1.01.01|6|02
2.2.1.01.01.03|FP - Outros fornecedores de bens e serviços em longo prazo|01012020|31122020|631|A|2.2.1.01.01|6|02
2.2.1.02|FP - OBRIGAÇÕES TRABALHISTAS, SOCIAIS E FISCAIS - LONGO PRAZO|01012020|31122020|632|S|2.2.1|4|02
2.2.1.02.01|FP - OBRIGAÇÕES TRABALHISTAS - LONGO PRAZO|01012020|31122020|633|S|2.2.1.02|5|02
2.2.1.02.01.01|FP - Outras obrigações trabalhistas em longo prazo|01012020|31122020|634|A|2.2.1.02.01|6|02
2.2.1.02.02|FP - OBRIGAÇÕES SOCIAIS - LONGO PRAZO|01012020|31122020|635|S|2.2.1.02|5|02
2.2.1.02.02.01|FP - Outras obrigações sociais em longo prazo|01012020|31122020|636|A|2.2.1.02.02|6|02
2.2.1.02.03|FP - OBRIGAÇÕES FISCAIS - LONGO PRAZO|01012020|31122020|637|S|2.2.1.02|5|02
2.2.1.02.03.01|FP - Outras obrigações fiscais em longo prazo|01012020|31122020|638|A|2.2.1.02.03|6|02
2.2.1.03|FP - OUTRAS OBRIGAÇÕES A PAGAR - LONGO PRAZO|01012020|31122020|639|S|2.2.1|4|02
2.2.1.03.01|FP - OBRIGAÇÕES DIVERSAS - LONGO PRAZO|01012020|31122020|640|S|2.2.1.03|5|02
2.2.1.03.01.01|FP - Empréstimos bancários a pagar em longo prazo|01012020|31122020|641|A|2.2.1.03.01|6|02
2.2.1.03.01.02|FP - Financiamentos a pagar em longo prazo|01012020|31122020|642|A|2.2.1.03.01|6|02
2.2.1.03.01.03|FP - Outras obrigações a pagar em longo prazo|01012020|31122020|643|A|2.2.1.03.01|6|02
2.2.1.03.01.99|FP - (-) Encargos financeiros sobre empréstimos e financiamentos a apropriar - LP|01012020|31122020|644|A|2.2.1.03.01|6|02
2.2.1.03.02|FP - ARRENDAMENTO MERCANTIL - LONGO PRAZO|01012020|31122020|645|S|2.2.1.03|5|02
2.2.1.03.02.01|FP - Arrendamento mercantil em longo prazo|01012020|31122020|646|A|2.2.1.03.02|6|02
2.2.1.03.02.99|FP - (-) Encargos financeiros sobre arrendamento mercantil a apropriar - LP|01012020|31122020|647|A|2.2.1.03.02|6|02
2.2.1.04|FP - OBRIGAÇÕES PROVISIONADAS - LONGO PRAZO|01012020|31122020|648|S|2.2.1|4|02
2.2.1.04.01|FP - PROVISÕES DIVERSAS - LONGO PRAZO|01012020|31122020|649|S|2.2.1.04|5|02
2.2.1.04.01.01|FP - Outras obrigações provisionadas em longo prazo|01012020|31122020|650|A|2.2.1.04.01|6|02
2.2.1.05|FP - TRANSFERÊNCIAS A EFETUAR - LP|01012020|31122020|651|S|2.2.1|4|02
2.2.1.05.01|FP - TRANSFERÊNCIAS DE RECURSOS FINANCEIROS A EFETUAR - LP|01012020|31122020|652|S|2.2.1.05|5|02
2.2.1.05.01.01|FP - Transferências a efetuar em longo prazo - Direção Nacional|01012020|31122020|653|A|2.2.1.05.01|6|02
2.2.1.05.01.02|FP - Transferências a efetuar em longo prazo - Direção Estadual|01012020|31122020|654|A|2.2.1.05.01|6|02
2.2.1.05.01.03|FP - Transferências a efetuar em longo prazo - Direção Municipal|01012020|31122020|655|A|2.2.1.05.01|6|02
2.2.1.05.01.04|FP - Transferências a efetuar em longo prazo - Candidato|01012020|31122020|656|A|2.2.1.05.01|6|02
2.2.1.05.01.06|FP - Transferências a efetuar em longo prazo - Fundação ou instituto partidário|01012020|31122020|657|A|2.2.1.05.01|6|02
2.2.1.05.02|FP - OUTRAS TRANSFERÊNCIAS DE RECURSOS FINANCEIROS A EFETUAR - LP|01012020|31122020|658|S|2.2.1.05|5|02
2.2.1.05.02.01|FP - Recursos de origem não identificada a recolher ao Erário - LONGO PRAZO|01012020|31122020|659|A|2.2.1.05.02|6|02
2.2.1.05.02.02|FP - Valores a recolher - Conta única do Tesouro Nacional - LONGO PRAZO|01012020|31122020|660|A|2.2.1.05.02|6|02
2.2.1.05.02.03|FP - Recursos de fonte vedada a recolher - LONGO PRAZO|01012020|31122020|661|A|2.2.1.05.02|6|02
2.2.1.05.02.04|FP - Valores a devolver ao Erário - Sobras do Fundo Especial de Financiamento de Campanha - LONGO PRAZO|01012020|31122020|662|A|2.2.1.05.02|6|02
2.2.1.05.02.05|FP - Valores a recolher ao Erário - Multas eleitorais - LONGO PRAZO|01012020|31122020|663|A|2.2.1.05.02|6|02
2.2.1.06|FP - TRANSFERÊNCIAS DE SOBRAS DE CAMPANHA A EFETUAR - LONGO PRAZO|01012020|31122020|664|S|2.2.1|4|02
2.2.1.06.01|FP - SOBRAS DE CAMPANHA A TRANSFERIR - LONGO PRAZO|01012020|31122020|665|S|2.2.1.06|5|02
2.2.1.06.01.01|FP - Sobras financeiras a transferir - LONGO PRAZO|01012020|31122020|666|A|2.2.1.06.01|6|02
2.2.1.06.01.02|FP - Sobras em bens permanentes estimáveis em dinheiro a transferir - LONGO PRAZO|01012020|31122020|667|A|2.2.1.06.01|6|02
2.2.1.07|FP - FORNECEDORES DE BENS E SERVIÇOS - DÍVIDAS DE CAMPANHA - LP|01012020|31122020|668|S|2.2.1|4|02
2.2.1.07.01|FP - Pleito - ano XXXX (LONGO PRAZO)|01012020|31122020|669|S|2.2.1.07|5|02
2.2.1.07.01.01|FP - Dívida assumida de candidatos - longo prazo|01012020|31122020|670|A|2.2.1.07.01|6|02
2.2.1.07.01.02|FP - Dívidas assumida de comitês financeiros - longo prazo|01012020|31122020|671|A|2.2.1.07.01|6|02
2.2.1.07.01.03|FP - Dívidas assumida de diretórios partidários - longo prazo|01012020|31122020|672|A|2.2.1.07.01|6|02
2.2.2|OR - OBRIGAÇÕES DE LONGO PRAZO - OUTROS RECURSOS|01012020|31122020|673|S|2.2|3|02
2.2.2.01|OR - FORNECEDORES - LONGO PRAZO|01012020|31122020|674|S|2.2.2|4|02
2.2.2.01.01|OR - FORNECEDORES DE BENS E SERVIÇOS - LONGO PRAZO|01012020|31122020|675|S|2.2.2.01|5|02
2.2.2.01.01.01|OR - Fornecedores de bens em longo prazo|01012020|31122020|676|A|2.2.2.01.01|6|02
2.2.2.01.01.02|OR - Prestadores de serviços em longo prazo|01012020|31122020|677|A|2.2.2.01.01|6|02
2.2.2.01.01.03|OR - Outros fornecedores de bens e serviços em longo prazo|01012020|31122020|678|A|2.2.2.01.01|6|02
2.2.2.02|OR - OBRIGAÇÕES TRABALHISTAS, SOCIAIS E FISCAIS - LONGO PRAZO|01012020|31122020|679|S|2.2.2|4|02
2.2.2.02.01|OR - OBRIGAÇÕES TRABALHISTAS - LONGO PRAZO|01012020|31122020|680|S|2.2.2.02|5|02
2.2.2.02.01.01|OR - Outras obrigações trabalhistas em longo prazo|01012020|31122020|681|A|2.2.2.02.01|6|02
2.2.2.02.02|OR - OBRIGAÇÕES SOCIAIS - LONGO PRAZO|01012020|31122020|682|S|2.2.2.02|5|02
2.2.2.02.02.01|OR - Outras obrigações sociais em longo prazo|01012020|31122020|683|A|2.2.2.02.02|6|02
2.2.2.02.03|OR - OBRIGAÇÕES FISCAIS - LONGO PRAZO|01012020|31122020|684|S|2.2.2.02|5|02
2.2.2.02.03.01|OR - Outras obrigações fiscais em longo prazo|01012020|31122020|685|A|2.2.2.02.03|6|02
2.2.2.03|OR - OUTRAS OBRIGAÇÕES A PAGAR - LONGO PRAZO|01012020|31122020|686|S|2.2.2|4|02
2.2.2.03.01|OR - OBRIGAÇÕES DIVERSAS - LONGO PRAZO|01012020|31122020|687|S|2.2.2.03|5|02
2.2.2.03.01.01|OR - Empréstimos bancários a pagar em longo prazo|01012020|31122020|688|A|2.2.2.03.01|6|02
2.2.2.03.01.02|OR - Financiamentos a pagar em longo prazo|01012020|31122020|689|A|2.2.2.03.01|6|02
2.2.2.03.01.03|OR - Outras obrigações a pagar em longo prazo|01012020|31122020|690|A|2.2.2.03.01|6|02
2.2.2.03.01.99|OR - (-) Encargos financeiros sobre empréstimos e financiamentos a apropriar - LP|01012020|31122020|691|A|2.2.2.03.01|6|02
2.2.2.03.02|OR - ARRENDAMENTO MERCANTIL - LONGO PRAZO|01012020|31122020|692|S|2.2.2.03|5|02
2.2.2.03.02.01|OR - Arrendamento mercantil em longo prazo|01012020|31122020|693|A|2.2.2.03.02|6|02
2.2.2.03.02.99|OR - (-) Encargos financeiros sobre arrendamento mercantil a apropriar - LP|01012020|31122020|694|A|2.2.2.03.02|6|02
2.2.2.04|OR - OBRIGAÇÕES PROVISIONADAS - LONGO PRAZO|01012020|31122020|695|S|2.2.2|4|02
2.2.2.04.01|OR - PROVISÕES DIVERSAS - LONGO PRAZO|01012020|31122020|696|S|2.2.2.04|5|02
2.2.2.04.01.01|OR - Outras obrigações provisionadas em longo prazo|01012020|31122020|697|A|2.2.2.04.01|6|02
2.2.2.05|OR - TRANSFERÊNCIAS A EFETUAR - LP|01012020|31122020|698|S|2.2.2|4|02
2.2.2.05.01|OR - TRANSFERÊNCIAS DE RECURSOS FINANCEIROS A EFETUAR - LP|01012020|31122020|699|S|2.2.2.05|5|02
2.2.2.05.01.01|OR - Transferências a efetuar em longo prazo - Direção Nacional|01012020|31122020|700|A|2.2.2.05.01|6|02
2.2.2.05.01.02|OR - Transferências a efetuar em longo prazo - Direção Estadual|01012020|31122020|701|A|2.2.2.05.01|6|02
2.2.2.05.01.03|OR - Transferências a efetuar em longo prazo - Direção Municipal|01012020|31122020|702|A|2.2.2.05.01|6|02
2.2.2.05.01.04|OR - Transferências a efetuar em longo prazo - Candidato|01012020|31122020|703|A|2.2.2.05.01|6|02
2.2.2.05.01.06|OR - Transferências a efetuar em longo prazo - Fundação ou instituto partidário|01012020|31122020|704|A|2.2.2.05.01|6|02
2.2.2.05.02|OR - OUTRAS TRANSFERÊNCIAS DE RECURSOS FINANCEIROS A EFETUAR - LP|01012020|31122020|705|S|2.2.2.05|5|02
2.2.2.05.02.01|OR - Recursos de origem não identificada a recolher ao Erário - LONGO PRAZO|01012020|31122020|706|A|2.2.2.05.02|6|02
2.2.2.05.02.02|OR - Valores a recolher - Conta única do Tesouro Nacional - LONGO PRAZO|01012020|31122020|707|A|2.2.2.05.02|6|02
2.2.2.05.02.03|OR - Recursos de fonte vedada a recolher - LONGO PRAZO|01012020|31122020|708|A|2.2.2.05.02|6|02
2.2.2.05.02.04|OR - Valores a devolver ao Erário - Sobras do Fundo Especial de Financiamento de Campanha - LONGO PRAZO|01012020|31122020|709|A|2.2.2.05.02|6|02
2.2.2.05.02.05|OR - Valores a recolher ao Erário - Multas eleitorais - LONGO PRAZO|01012020|31122020|710|A|2.2.2.05.02|6|02
2.2.2.06|OR - TRANSFERÊNCIAS DE SOBRAS DE CAMPANHA A EFETUAR - LONGO PRAZO|01012020|31122020|711|S|2.2.2|4|02
2.2.2.06.01|OR - SOBRAS DE CAMPANHA A TRANSFERIR - LONGO PRAZO|01012020|31122020|712|S|2.2.2.06|5|02
2.2.2.06.01.01|OR - Sobras financeiras a transferir - LONGO PRAZO|01012020|31122020|713|A|2.2.2.06.01|6|02
2.2.2.06.01.02|OR - Sobras em bens permanentes estimáveis em dinheiro a transferir - LONGO PRAZO|01012020|31122020|714|A|2.2.2.06.01|6|02
2.2.2.07|OR - FORNECEDORES DE BENS E SERVIÇOS - DÍVIDAS DE CAMPANHA - LP|01012020|31122020|715|S|2.2.2|4|02
2.2.2.07.01|OR - Pleito - ano XXXX (LONGO PRAZO)|01012020|31122020|716|S|2.2.2.07|5|02
2.2.2.07.01.01|OR - Dívida assumida de candidatos - longo prazo|01012020|31122020|717|A|2.2.2.07.01|6|02
2.2.2.07.01.02|OR - Dívidas assumida de comitês financeiros - longo prazo|01012020|31122020|718|A|2.2.2.07.01|6|02
2.2.2.07.01.03|OR - Dívidas assumida de diretórios partidários - longo prazo|01012020|31122020|719|A|2.2.2.07.01|6|02
2.2.3|FEFC - OBRIGAÇÕES DE LONGO PRAZO - FUNDO ESPECIAL PARA FINANCIAMENTO DE CAMPANHA|01012020|31122020|720|S|2.2|3|02
2.2.3.01|FEFC - FORNECEDORES - LONGO PRAZO|01012020|31122020|721|S|2.2.3|4|02
2.2.3.01.01|FEFC - FORNECEDORES DE BENS E SERVIÇOS - LONGO PRAZO|01012020|31122020|722|S|2.2.3.01|5|02
2.2.3.01.01.01|FEFC - Fornecedores de bens em longo prazo|01012020|31122020|723|A|2.2.3.01.01|6|02
2.2.3.01.01.02|FEFC - Prestadores de serviços em longo prazo|01012020|31122020|724|A|2.2.3.01.01|6|02
2.2.3.01.01.03|FEFC - Outros fornecedores de bens e serviços em longo prazo|01012020|31122020|725|A|2.2.3.01.01|6|02
2.2.3.02|FEFC - OBRIGAÇÕES TRABALHISTAS, SOCIAIS E FISCAIS - LONGO PRAZO|01012020|31122020|726|S|2.2.3|4|02
2.2.3.02.01|FEFC - OBRIGAÇÕES TRABALHISTAS - LONGO PRAZO|01012020|31122020|727|S|2.2.3.02|5|02
2.2.3.02.01.01|FEFC - Outras obrigações trabalhistas em longo prazo|01012020|31122020|728|A|2.2.3.02.01|6|02
2.2.3.02.02|FEFC - OBRIGAÇÕES SOCIAIS - LONGO PRAZO|01012020|31122020|729|S|2.2.3.02|5|02
2.2.3.02.02.01|FEFC - Outras obrigações sociais em longo prazo|01012020|31122020|730|A|2.2.3.02.02|6|02
2.2.3.02.03|FEFC - OBRIGAÇÕES FISCAIS - LONGO PRAZO|01012020|31122020|731|S|2.2.3.02|5|02
2.2.3.02.03.01|FEFC - Outras obrigações fiscais em longo prazo|01012020|31122020|732|A|2.2.3.02.03|6|02
2.2.3.03|FEFC - OUTRAS OBRIGAÇÕES A PAGAR - LONGO PRAZO|01012020|31122020|733|S|2.2.3|4|02
2.2.3.03.01|FEFC - OBRIGAÇÕES DIVERSAS - LONGO PRAZO|01012020|31122020|734|S|2.2.3.03|5|02
2.2.3.03.01.03|FEFC - Outras obrigações a pagar em longo prazo|01012020|31122020|735|A|2.2.3.03.01|6|02
2.2.3.03.01.99|FEFC - (-) Encargos financeiros sobre empréstimos e financiamentos a apropriar - LP|01012020|31122020|736|A|2.2.3.03.01|6|02
2.2.3.03.02|FEFC - ARRENDAMENTO MERCANTIL - LONGO PRAZO|01012020|31122020|737|S|2.2.3.03|5|02
2.2.3.03.02.01|FEFC - Arrendamento mercantil em longo prazo|01012020|31122020|738|A|2.2.3.03.02|6|02
2.2.3.03.02.99|FEFC - (-) Encargos financeiros sobre arrendamento mercantil a apropriar - LP|01012020|31122020|739|A|2.2.3.03.02|6|02
2.2.3.04|FEFC - OBRIGAÇÕES PROVISIONADAS - LONGO PRAZO|01012020|31122020|740|S|2.2.3|4|02
2.2.3.04.01|FEFC - PROVISÕES DIVERSAS - LONGO PRAZO|01012020|31122020|741|S|2.2.3.04|5|02
2.2.3.04.01.01|FEFC - Outras obrigações provisionadas em longo prazo|01012020|31122020|742|A|2.2.3.04.01|6|02
2.2.3.05|FEFC - TRANSFERÊNCIAS A EFETUAR - LP|01012020|31122020|743|S|2.2.3|4|02
2.2.3.05.01|FEFC - TRANSFERÊNCIAS DE RECURSOS FINANCEIROS A EFETUAR - LP|01012020|31122020|744|S|2.2.3.05|5|02
2.2.3.05.01.01|FEFC - Transferências a efetuar em longo prazo - Direção Nacional|01012020|31122020|745|A|2.2.3.05.01|6|02
2.2.3.05.01.02|FEFC - Transferências a efetuar em longo prazo - Direção Estadual|01012020|31122020|746|A|2.2.3.05.01|6|02
2.2.3.05.01.03|FEFC - Transferências a efetuar em longo prazo - Direção Municipal|01012020|31122020|747|A|2.2.3.05.01|6|02
2.2.3.05.01.04|FEFC - Transferências a efetuar em longo prazo - Candidato|01012020|31122020|748|A|2.2.3.05.01|6|02
2.2.3.05.02|FEFC - OUTRAS TRANSFERÊNCIAS DE RECURSOS FINANCEIROS A EFETUAR - LP|01012020|31122020|749|S|2.2.3.05|5|02
2.2.3.05.02.01|FEFC - Recursos de origem não identificada a recolher ao Erário - LONGO PRAZO|01012020|31122020|750|A|2.2.3.05.02|6|02
2.2.3.05.02.02|FEFC - Valores a devolver ao Erário - Aplicação Irregular de recursos públicos - LONGO PRAZO|01012020|31122020|751|A|2.2.3.05.02|6|02
2.2.3.05.02.03|FEFC - Recursos de fonte vedada a recolher - LONGO PRAZO|01012020|31122020|752|A|2.2.3.05.02|6|02
2.3|PATRIMÔNIO LÍQUIDO|01012020|31122020|753|S|2|2|03
2.3.1|PATRIMÔNIO SOCIAL|01012020|31122020|754|S|2.3|3|03
2.3.1.01|FP - PATRIMÔNIO SOCIAL  FUNDO PARTIDÁRIO|01012020|31122020|755|S|2.3.1|4|03
2.3.1.01.01|FP - FUNDO PATRIMONIAL|01012020|31122020|756|S|2.3.1.01|5|03
2.3.1.01.01.01|FP - Fundo patrimonial com recursos do Fundo Partidário|01012020|31122020|757|A|2.3.1.01.01|6|03
2.3.1.01.02|FP - RESERVAS|01012020|31122020|758|S|2.3.1.01|5|03
2.3.1.01.02.01|FP - Reservas estatutárias|01012020|31122020|759|A|2.3.1.01.02|6|03
2.3.1.01.02.02|FP - Outras reservas|01012020|31122020|760|A|2.3.1.01.02|6|03
2.3.1.01.03|FP - AJUSTES DE AVALIAÇÃO PATRIMONIAL|01012020|31122020|761|S|2.3.1.01|5|03
2.3.1.01.03.01|FP - Ajustes às normas internacionais de contabilidade|01012020|31122020|762|A|2.3.1.01.03|6|03
2.3.1.01.04|FP - SUPERÁVIT OU DÉFICIT ACUMULADO|01012020|31122020|763|S|2.3.1.01|5|03
2.3.1.01.04.01|FP - Superávit ou déficit de exercícios anteriores|01012020|31122020|764|A|2.3.1.01.04|6|03
2.3.1.01.04.02|FP - Superávit ou déficit do exercício|01012020|31122020|765|A|2.3.1.01.04|6|03
2.3.1.02|OR - PATRIMÔNIO SOCIAL  OUTROS RECURSOS|01012020|31122020|766|S|2.3.1|4|03
2.3.1.02.01|OR - FUNDO PATRIMONIAL|01012020|31122020|767|S|2.3.1.02|5|03
2.3.1.02.01.01|OR - Fundo patrimonial com Outros Recursos|01012020|31122020|768|A|2.3.1.02.01|6|03
2.3.1.02.02|OR - RESERVAS|01012020|31122020|769|S|2.3.1.02|5|03
2.3.1.02.02.01|OR - Reservas estatutárias|01012020|31122020|770|A|2.3.1.02.02|6|03
2.3.1.02.02.02|OR - Outras reservas|01012020|31122020|771|A|2.3.1.02.02|6|03
2.3.1.02.03|OR - AJUSTES DE AVALIAÇÃO PATRIMONIAL|01012020|31122020|772|S|2.3.1.02|5|03
2.3.1.02.03.01|OR - Ajustes às normas internacionais de contabilidade|01012020|31122020|773|A|2.3.1.02.03|6|03
2.3.1.02.04|OR - SUPERÁVIT OU DÉFICIT ACUMULADO|01012020|31122020|774|S|2.3.1.02|5|03
2.3.1.02.04.01|OR - Superávit ou déficit de exercícios anteriores|01012020|31122020|775|A|2.3.1.02.04|6|03
2.3.1.02.04.02|OR - Superávit ou déficit do exercício|01012020|31122020|776|A|2.3.1.02.04|6|03
